id;name;date_uploaded;status;status_modified_date;reject_reason;aidas_user_id;aidas_object_id
1;Human Business-focused Interactions;2021-10-16T01:54:18;false;2021-10-16T05:21:23;Burg Club Corporate;1;1
2;Cambridgeshire models Oklahoma;2021-10-15T16:43:15;true;2021-10-15T17:21:19;Human Auto;2;2
3;convergence Market Rubber;2021-10-15T23:03:29;false;2021-10-15T10:59:37;compress Seychelles expedite;3;3
4;cyan Human Buckinghamshire;2021-10-15T23:26:44;true;2021-10-15T10:17:53;capacity;4;4
5;maroon interface;2021-10-16T02:08:39;true;2021-10-16T01:26:19;redundant indexing cultivate;5;5
6;Implementation;2021-10-15T21:07:00;false;2021-10-15T18:16:36;1080p deposit;6;6
7;Germany Markets Architect;2021-10-15T14:24:32;false;2021-10-15T19:15:33;Concrete Account Books;7;7
8;connect Officer;2021-10-15T14:59:51;false;2021-10-15T15:38:48;optimize;8;8
9;multi-state;2021-10-15T16:30:14;false;2021-10-16T01:41:37;Wells Alaska;9;9
10;incubate payment;2021-10-16T04:02:41;true;2021-10-16T01:16:56;Designer Object-based;10;10
