id;name;description;status;auto_create_objects;buffer_percent;external_dataset_status;num_of_objects;num_of_uploads_reqd;object_prefix;object_suffix;project_type;qc_levels;rework_status;customer_id
-1;Default Project;Default Project;1;0;10;0;10;10;pre;suf;image;1;1;-1
1;Programming;Programming;1;0;10;0;10;10;pre;suf;image;1;1;1
2;Psychodrama;Psychodrama;1;0;10;0;10;10;pre;suf;image;1;1;1
3;Soccer;Soccer;1;0;10;0;10;10;pre;suf;image;1;1;1
4;Gold;Gold;1;0;10;0;10;10;pre;suf;image;1;1;1
5;Bakeries;Bakeries;1;0;10;0;10;10;pre;suf;image;1;1;2
6;Caves;Caves;1;0;10;0;10;10;pre;suf;image;1;1;2
7;Forensic psychology;Forensic psychology;1;0;10;0;10;10;pre;suf;image;1;1;2
8;Cooking;Cooking;1;0;10;0;10;10;pre;suf;image;1;1;2
9;Mathematical statistical and computing;Mathematical statistical and computing;1;0;10;0;10;10;pre;suf;image;1;1;2
10;Emotional intelligence;Emotional intelligence;1;0;10;0;10;10;pre;suf;image;1;1;3
11;Cats;Cats;1;0;10;0;10;10;pre;suf;image;1;1;3
12;Goats;Goats;1;0;10;0;10;10;pre;suf;image;1;1;3
13;Typewriter;Typewriter;1;0;10;0;10;10;pre;suf;image;1;1;3
14;Monkeys;Monkeys;1;0;10;0;10;10;pre;suf;image;1;1;3
15;Gymnastics;Gymnastics;1;0;10;0;10;10;pre;suf;image;1;1;4
16;Chess;Chess;1;0;10;0;10;10;pre;suf;image;1;1;4
17;Algebra;Algebra;1;0;10;0;10;10;pre;suf;image;1;1;4
18;Hobbies;Hobbies;1;0;10;0;10;10;pre;suf;image;1;1;4
19;Developmental disabilities;Developmental disabilities;1;0;10;0;10;10;pre;suf;image;1;1;4
20;Botany;Botany;1;0;10;0;10;10;pre;suf;image;1;1;5
21;Foxes;Foxes;1;0;10;0;10;10;pre;suf;image;1;1;5
22;End of life;End of life;1;0;10;0;10;10;pre;suf;image;1;1;5
23;Laundry;Laundry;1;0;10;0;10;10;pre;suf;image;1;1;5
24;Spiritual;Spiritual;1;0;10;0;10;10;pre;suf;image;1;1;5
25;Pipe Organs;Pipe Organs;1;0;10;0;10;10;pre;suf;image;1;1;6
26;Crocodiles;Crocodiles;1;0;10;0;10;10;pre;suf;image;1;1;6
27;Neuropsychology;Neuropsychology;1;0;10;0;10;10;pre;suf;image;1;1;6
28;Ecology;Ecology;1;0;10;0;10;10;pre;suf;image;1;1;6
29;Philosophy;Philosophy;1;0;10;0;10;10;pre;suf;image;1;1;6
30;Cricket;Cricket;1;0;10;0;10;10;pre;suf;image;1;1;7
31;Social psychology;Social psychology;1;0;10;0;10;10;pre;suf;image;1;1;7
32;Bohemians;Bohemians;1;0;10;0;10;10;pre;suf;image;1;1;7
33;Programming;Programming;1;0;10;0;10;10;pre;suf;image;1;1;7
34;Community music therapy;Community music therapy;1;0;10;0;10;10;pre;suf;image;1;1;7
35;Machines;Machines;1;0;10;0;10;10;pre;suf;image;1;1;8
36;Earth sciences;Earth sciences;1;0;10;0;10;10;pre;suf;image;1;1;8
37;Rabbits;Rabbits;1;0;10;0;10;10;pre;suf;image;1;1;8
38;People and self;People and self;1;0;10;0;10;10;pre;suf;image;1;1;8
39;Barbers;Barbers;1;0;10;0;10;10;pre;suf;image;1;1;8
40;Rugby;Rugby;1;0;10;0;10;10;pre;suf;image;1;1;9
41;Autobiography;Autobiography;1;0;10;0;10;10;pre;suf;image;1;1;9
42;Ecology;Ecology;1;0;10;0;10;10;pre;suf;image;1;1;9
43;Fencing;Fencing;1;0;10;0;10;10;pre;suf;image;1;1;9
44;Magicians;Magicians;1;0;10;0;10;10;pre;suf;image;1;1;9
45;X-Rays;X-Rays;1;0;10;0;10;10;pre;suf;image;1;1;10
46;Infancy and early childhood;Infancy and early childhood;1;0;10;0;10;10;pre;suf;image;1;1;10
47;Logic;Logic;1;0;10;0;10;10;pre;suf;image;1;1;10
48;Cotton;Cotton;1;0;10;0;10;10;pre;suf;image;1;1;10
49;Fencing;Fencing;1;0;10;0;10;10;pre;suf;image;1;1;10
50;Magicians;Magicians;1;0;10;0;10;10;pre;suf;image;1;1;11
51;X-Rays;X-Rays;1;0;10;0;10;10;pre;suf;image;1;1;11
52;Infancy and early childhood;Infancy and early childhood;1;0;10;0;10;10;pre;suf;image;1;1;11
53;Logic;Logic;1;0;10;0;10;10;pre;suf;image;1;1;11
54;Cotton;Cotton;1;0;10;0;10;10;pre;suf;image;1;1;11
55;Software engineering;Software engineering;1;0;10;0;10;10;pre;suf;image;1;1;12
56;Oil;Oil;1;0;10;0;10;10;pre;suf;image;1;1;12
57;Cards;Cards;1;0;10;0;10;10;pre;suf;image;1;1;12
58;Boxing;Boxing;1;0;10;0;10;10;pre;suf;image;1;1;12
59;Coffee;Coffee;1;0;10;0;10;10;pre;suf;image;1;1;12
60;Developmental psychology;Developmental psychology;1;0;10;0;10;10;pre;suf;image;1;1;13
61;Coal;Coal;1;0;10;0;10;10;pre;suf;image;1;1;13
62;Cricket;Cricket;1;0;10;0;10;10;pre;suf;image;1;1;13
63;Seashells;Seashells;1;0;10;0;10;10;pre;suf;image;1;1;13
64;Bats;Bats;1;0;10;0;10;10;pre;suf;image;1;1;13
65;End of life;End of life;1;0;10;0;10;10;pre;suf;image;1;1;14
66;Library and information science;Library and information science;1;0;10;0;10;10;pre;suf;image;1;1;14
67;Guitar;Guitar;1;0;10;0;10;10;pre;suf;image;1;1;14
68;Milk;Milk;1;0;10;0;10;10;pre;suf;image;1;1;14
69;Mountaineering;Mountaineering;1;0;10;0;10;10;pre;suf;image;1;1;14
70;Banking;Banking;1;0;10;0;10;10;pre;suf;image;1;1;15
71;Elephants;Elephants;1;0;10;0;10;10;pre;suf;image;1;1;15
72;Spiritual;Spiritual;1;0;10;0;10;10;pre;suf;image;1;1;15
73;Bears;Bears;1;0;10;0;10;10;pre;suf;image;1;1;15
74;Africa;Africa;1;0;10;0;10;10;pre;suf;image;1;1;15
75;Robotics;Robotics;1;0;10;0;10;10;pre;suf;image;1;1;16
76;Neuropsychology;Neuropsychology;1;0;10;0;10;10;pre;suf;image;1;1;16
77;Personality disorders;Personality disorders;1;0;10;0;10;10;pre;suf;image;1;1;16
78;Group psychology;Group psychology;1;0;10;0;10;10;pre;suf;image;1;1;16
79;The society;The society;1;0;10;0;10;10;pre;suf;image;1;1;16
80;Baseball;Baseball;1;0;10;0;10;10;pre;suf;image;1;1;17
81;Vehicles;Vehicles;1;0;10;0;10;10;pre;suf;image;1;1;17
82;Shovels;Shovels;1;0;10;0;10;10;pre;suf;image;1;1;17
83;Cards;Cards;1;0;10;0;10;10;pre;suf;image;1;1;17
84;Visual arts;Visual arts;1;0;10;0;10;10;pre;suf;image;1;1;17
85;Profound mental retardation;Profound mental retardation;1;0;10;0;10;10;pre;suf;image;1;1;18
86;Mood disorders;Mood disorders;1;0;10;0;10;10;pre;suf;image;1;1;18
87;Potatoes;Potatoes;1;0;10;0;10;10;pre;suf;image;1;1;18
88;Giants;Giants;1;0;10;0;10;10;pre;suf;image;1;1;18
89;World War 1;World War 1;1;0;10;0;10;10;pre;suf;image;1;1;18
90;Society;Society;1;0;10;0;10;10;pre;suf;image;1;1;19
91;Pork;Pork;1;0;10;0;10;10;pre;suf;image;1;1;19
92;Puppets;Puppets;1;0;10;0;10;10;pre;suf;image;1;1;19
93;Critical theory;Critical theory;1;0;10;0;10;10;pre;suf;image;1;1;19
94;Law;Law;1;0;10;0;10;10;pre;suf;image;1;1;19
95;Ferry Boats;Ferry Boats;1;0;10;0;10;10;pre;suf;image;1;1;20
96;Salvation Army;Salvation Army;1;0;10;0;10;10;pre;suf;image;1;1;20
97;Paper Boys;Paper Boys;1;0;10;0;10;10;pre;suf;image;1;1;20
98;Composition;Composition;1;0;10;0;10;10;pre;suf;image;1;1;20
99;Group work;Group work;1;0;10;0;10;10;pre;suf;image;1;1;20
100;Boy Scouts;Boy Scouts;1;0;10;0;10;10;pre;suf;image;1;1;21
101;Algebra;Algebra;1;0;10;0;10;10;pre;suf;image;1;1;21
102;Government and politics;Government and politics;1;0;10;0;10;10;pre;suf;image;1;1;21
103;Milk;Milk;1;0;10;0;10;10;pre;suf;image;1;1;21
104;Wood;Wood;1;0;10;0;10;10;pre;suf;image;1;1;21
105;Pharmacy;Pharmacy;1;0;10;0;10;10;pre;suf;image;1;1;22
106;Rice;Rice;1;0;10;0;10;10;pre;suf;image;1;1;22
107;Athletics;Athletics;1;0;10;0;10;10;pre;suf;image;1;1;22
108;Parachuting;Parachuting;1;0;10;0;10;10;pre;suf;image;1;1;22
109;Politics;Politics;1;0;10;0;10;10;pre;suf;image;1;1;22
110;Feminism;Feminism;1;0;10;0;10;10;pre;suf;image;1;1;23
111;Lions;Lions;1;0;10;0;10;10;pre;suf;image;1;1;23
112;Dentistry;Dentistry;1;0;10;0;10;10;pre;suf;image;1;1;23
113;Palliative;Palliative;1;0;10;0;10;10;pre;suf;image;1;1;23
114;Music therapists;Music therapists;1;0;10;0;10;10;pre;suf;image;1;1;23
115;Cows;Cows;1;0;10;0;10;10;pre;suf;image;1;1;24
116;Cobblers;Cobblers;1;0;10;0;10;10;pre;suf;image;1;1;24
117;Geometry;Geometry;1;0;10;0;10;10;pre;suf;image;1;1;24
118;Criminal justice;Criminal justice;1;0;10;0;10;10;pre;suf;image;1;1;24
119;Military;Military;1;0;10;0;10;10;pre;suf;image;1;1;24
120;Hammocks;Hammocks;1;0;10;0;10;10;pre;suf;image;1;1;25
121;Windmills;Windmills;1;0;10;0;10;10;pre;suf;image;1;1;25
122;Functional music;Functional music;1;0;10;0;10;10;pre;suf;image;1;1;25
123;Lighthouses;Lighthouses;1;0;10;0;10;10;pre;suf;image;1;1;25
124;Paper Boys;Paper Boys;1;0;10;0;10;10;pre;suf;image;1;1;25
125;Rabbits;Rabbits;1;0;10;0;10;10;pre;suf;image;1;1;26
126;Responsiveness;Responsiveness;1;0;10;0;10;10;pre;suf;image;1;1;26
127;Memory;Memory;1;0;10;0;10;10;pre;suf;image;1;1;26
128;Balloons;Balloons;1;0;10;0;10;10;pre;suf;image;1;1;26
129;Countertransference;Countertransference;1;0;10;0;10;10;pre;suf;image;1;1;26
130;Journalism;Journalism;1;0;10;0;10;10;pre;suf;image;1;1;27
131;World War 1;World War 1;1;0;10;0;10;10;pre;suf;image;1;1;27
132;Schizophrenia and other psychoses;Schizophrenia and other psychoses;1;0;10;0;10;10;pre;suf;image;1;1;27
133;Law and crime;Law and crime;1;0;10;0;10;10;pre;suf;image;1;1;27
134;Socialism;Socialism;1;0;10;0;10;10;pre;suf;image;1;1;27
135;Frogs;Frogs;1;0;10;0;10;10;pre;suf;image;1;1;28
136;Poetry;Poetry;1;0;10;0;10;10;pre;suf;image;1;1;28
137;Practicum;Practicum;1;0;10;0;10;10;pre;suf;image;1;1;28
138;Coal;Coal;1;0;10;0;10;10;pre;suf;image;1;1;28
139;Technology and cyberpsychology;Technology and cyberpsychology;1;0;10;0;10;10;pre;suf;image;1;1;28
140;Countertransference;Countertransference;1;0;10;0;10;10;pre;suf;image;1;1;29
141;Sharks;Sharks;1;0;10;0;10;10;pre;suf;image;1;1;29
142;Emotional intelligence;Emotional intelligence;1;0;10;0;10;10;pre;suf;image;1;1;29
143;Spas;Spas;1;0;10;0;10;10;pre;suf;image;1;1;29
144;Pigeons;Pigeons;1;0;10;0;10;10;pre;suf;image;1;1;29
145;Health psychology;Health psychology;1;0;10;0;10;10;pre;suf;image;1;1;30
146;Philosophy;Philosophy;1;0;10;0;10;10;pre;suf;image;1;1;30
147;Buddhism;Buddhism;1;0;10;0;10;10;pre;suf;image;1;1;30
148;Film;Film;1;0;10;0;10;10;pre;suf;image;1;1;30
149;Foxes;Foxes;1;0;10;0;10;10;pre;suf;image;1;1;30
150;Transpersonal;Transpersonal;1;0;10;0;10;10;pre;suf;image;1;1;31
151;Community;Community;1;0;10;0;10;10;pre;suf;image;1;1;31
152;Music;Music;1;0;10;0;10;10;pre;suf;image;1;1;31
153;Foxes;Foxes;1;0;10;0;10;10;pre;suf;image;1;1;31
154;Railroads;Railroads;1;0;10;0;10;10;pre;suf;image;1;1;31
155;Drugstores;Drugstores;1;0;10;0;10;10;pre;suf;image;1;1;32
156;Motherhood;Motherhood;1;0;10;0;10;10;pre;suf;image;1;1;32
157;Buddhism;Buddhism;1;0;10;0;10;10;pre;suf;image;1;1;32
158;Motorcycles;Motorcycles;1;0;10;0;10;10;pre;suf;image;1;1;32
159;Social psychology;Social psychology;1;0;10;0;10;10;pre;suf;image;1;1;32
160;Railroads;Railroads;1;0;10;0;10;10;pre;suf;image;1;1;33
161;Basketball;Basketball;1;0;10;0;10;10;pre;suf;image;1;1;33
162;Mental health;Mental health;1;0;10;0;10;10;pre;suf;image;1;1;33
163;Camels;Camels;1;0;10;0;10;10;pre;suf;image;1;1;33
164;Monkeys;Monkeys;1;0;10;0;10;10;pre;suf;image;1;1;33
165;Sharks;Sharks;1;0;10;0;10;10;pre;suf;image;1;1;34
166;Canoes;Canoes;1;0;10;0;10;10;pre;suf;image;1;1;34
167;Pigs;Pigs;1;0;10;0;10;10;pre;suf;image;1;1;34
168;Gymnastics;Gymnastics;1;0;10;0;10;10;pre;suf;image;1;1;34
169;Natural sciences and nature;Natural sciences and nature;1;0;10;0;10;10;pre;suf;image;1;1;34
170;Windmills;Windmills;1;0;10;0;10;10;pre;suf;image;1;1;35
171;End of life;End of life;1;0;10;0;10;10;pre;suf;image;1;1;35
172;Blacksmiths;Blacksmiths;1;0;10;0;10;10;pre;suf;image;1;1;35
173;Seashells;Seashells;1;0;10;0;10;10;pre;suf;image;1;1;35
174;Goats;Goats;1;0;10;0;10;10;pre;suf;image;1;1;35
175;Bereavement (grief and loss);Bereavement (grief and loss);1;0;10;0;10;10;pre;suf;image;1;1;36
176;Bullying and violence;Bullying and violence;1;0;10;0;10;10;pre;suf;image;1;1;36
177;Algebra;Algebra;1;0;10;0;10;10;pre;suf;image;1;1;36
178;Energy development;Energy development;1;0;10;0;10;10;pre;suf;image;1;1;36
179;Agriculture;Agriculture;1;0;10;0;10;10;pre;suf;image;1;1;36
180;Post Office;Post Office;1;0;10;0;10;10;pre;suf;image;1;1;37
181;Amusement Parks;Amusement Parks;1;0;10;0;10;10;pre;suf;image;1;1;37
182;Psychobiology;Psychobiology;1;0;10;0;10;10;pre;suf;image;1;1;37
183;Sailing;Sailing;1;0;10;0;10;10;pre;suf;image;1;1;37
184;Slavery;Slavery;1;0;10;0;10;10;pre;suf;image;1;1;37
185;Hammocks;Hammocks;1;0;10;0;10;10;pre;suf;image;1;1;38
186;Fencing;Fencing;1;0;10;0;10;10;pre;suf;image;1;1;38
187;Americans;Americans;1;0;10;0;10;10;pre;suf;image;1;1;38
188;Canoes;Canoes;1;0;10;0;10;10;pre;suf;image;1;1;38
189;Community;Community;1;0;10;0;10;10;pre;suf;image;1;1;38
190;Biochemistry;Biochemistry;1;0;10;0;10;10;pre;suf;image;1;1;39
191;Cotton;Cotton;1;0;10;0;10;10;pre;suf;image;1;1;39
192;Vanilla;Vanilla;1;0;10;0;10;10;pre;suf;image;1;1;39
193;Critical theory;Critical theory;1;0;10;0;10;10;pre;suf;image;1;1;39
194;Motherhood;Motherhood;1;0;10;0;10;10;pre;suf;image;1;1;39
195;Vanilla;Vanilla;1;0;10;0;10;10;pre;suf;image;1;1;40
196;Fishing;Fishing;1;0;10;0;10;10;pre;suf;image;1;1;40
197;Opera;Opera;1;0;10;0;10;10;pre;suf;image;1;1;40
198;Skull;Skull;1;0;10;0;10;10;pre;suf;image;1;1;40
199;Weaving;Weaving;1;0;10;0;10;10;pre;suf;image;1;1;40
200;Military;Military;1;0;10;0;10;10;pre;suf;image;1;1;41
201;Magicians;Magicians;1;0;10;0;10;10;pre;suf;image;1;1;41
202;Spirituality;Spirituality;1;0;10;0;10;10;pre;suf;image;1;1;41
203;Frogs;Frogs;1;0;10;0;10;10;pre;suf;image;1;1;41
204;Independent practitioners;Independent practitioners;1;0;10;0;10;10;pre;suf;image;1;1;41
205;Disasters;Disasters;1;0;10;0;10;10;pre;suf;image;1;1;42
206;Community music therapy;Community music therapy;1;0;10;0;10;10;pre;suf;image;1;1;42
207;Basketball;Basketball;1;0;10;0;10;10;pre;suf;image;1;1;42
208;Sewing Machines;Sewing Machines;1;0;10;0;10;10;pre;suf;image;1;1;42
209;Social care and social services;Social care and social services;1;0;10;0;10;10;pre;suf;image;1;1;42
210;Amusement Parks;Amusement Parks;1;0;10;0;10;10;pre;suf;image;1;1;43
211;Hobbies;Hobbies;1;0;10;0;10;10;pre;suf;image;1;1;43
212;Agriculture;Agriculture;1;0;10;0;10;10;pre;suf;image;1;1;43
213;Philosophy;Philosophy;1;0;10;0;10;10;pre;suf;image;1;1;43
214;Flood;Flood;1;0;10;0;10;10;pre;suf;image;1;1;43
215;Pharmacy;Pharmacy;1;0;10;0;10;10;pre;suf;image;1;1;44
216;Boxing;Boxing;1;0;10;0;10;10;pre;suf;image;1;1;44
217;People and self;People and self;1;0;10;0;10;10;pre;suf;image;1;1;44
218;Psychodynamic;Psychodynamic;1;0;10;0;10;10;pre;suf;image;1;1;44
219;Airports;Airports;1;0;10;0;10;10;pre;suf;image;1;1;44
220;Police;Police;1;0;10;0;10;10;pre;suf;image;1;1;45
221;Arithmetic;Arithmetic;1;0;10;0;10;10;pre;suf;image;1;1;45
222;Foundations;Foundations;1;0;10;0;10;10;pre;suf;image;1;1;45
223;Pigeons;Pigeons;1;0;10;0;10;10;pre;suf;image;1;1;45
224;Diamond;Diamond;1;0;10;0;10;10;pre;suf;image;1;1;45
225;Consciousness and experiential psychology;Consciousness and experiential psychology;1;0;10;0;10;10;pre;suf;image;1;1;46
226;Thinking;Thinking;1;0;10;0;10;10;pre;suf;image;1;1;46
227;Visual arts;Visual arts;1;0;10;0;10;10;pre;suf;image;1;1;46
228;Psychotherapy;Psychotherapy;1;0;10;0;10;10;pre;suf;image;1;1;46
229;Public affairs;Public affairs;1;0;10;0;10;10;pre;suf;image;1;1;46
230;Culture;Culture;1;0;10;0;10;10;pre;suf;image;1;1;47
231;Vegetables;Vegetables;1;0;10;0;10;10;pre;suf;image;1;1;47
232;Bereavement (grief and loss);Bereavement (grief and loss);1;0;10;0;10;10;pre;suf;image;1;1;47
233;Voice;Voice;1;0;10;0;10;10;pre;suf;image;1;1;47
234;Meteorology;Meteorology;1;0;10;0;10;10;pre;suf;image;1;1;47
235;Biology;Biology;1;0;10;0;10;10;pre;suf;image;1;1;48
236;Bohemians;Bohemians;1;0;10;0;10;10;pre;suf;image;1;1;48
237;Snakes;Snakes;1;0;10;0;10;10;pre;suf;image;1;1;48
238;Basketball;Basketball;1;0;10;0;10;10;pre;suf;image;1;1;48
239;Learning disabilities/difficulties;Learning disabilities/difficulties;1;0;10;0;10;10;pre;suf;image;1;1;48
240;Magicians;Magicians;1;0;10;0;10;10;pre;suf;image;1;1;49
241;Mummies;Mummies;1;0;10;0;10;10;pre;suf;image;1;1;49
242;Independent practitioners;Independent practitioners;1;0;10;0;10;10;pre;suf;image;1;1;49
243;Golf;Golf;1;0;10;0;10;10;pre;suf;image;1;1;49
244;Veterinarians;Veterinarians;1;0;10;0;10;10;pre;suf;image;1;1;49
245;Vehicles;Vehicles;1;0;10;0;10;10;pre;suf;image;1;1;50
246;Classical antiquity;Classical antiquity;1;0;10;0;10;10;pre;suf;image;1;1;50
247;Guided imagery and music (gim);Guided imagery and music (gim);1;0;10;0;10;10;pre;suf;image;1;1;50
248;Group psychology;Group psychology;1;0;10;0;10;10;pre;suf;image;1;1;50
249;Social psychology;Social psychology;1;0;10;0;10;10;pre;suf;image;1;1;50
250;Ethics and practice;Ethics and practice;1;0;10;0;10;10;pre;suf;image;1;1;51
251;Tobacco;Tobacco;1;0;10;0;10;10;pre;suf;image;1;1;51
252;Improvisational music therapy;Improvisational music therapy;1;0;10;0;10;10;pre;suf;image;1;1;51
253;Army;Army;1;0;10;0;10;10;pre;suf;image;1;1;51
254;Relationships;Relationships;1;0;10;0;10;10;pre;suf;image;1;1;51
255;Nurses;Nurses;1;0;10;0;10;10;pre;suf;image;1;1;52
256;Fortune Tellers;Fortune Tellers;1;0;10;0;10;10;pre;suf;image;1;1;52
257;Library and information science;Library and information science;1;0;10;0;10;10;pre;suf;image;1;1;52
258;Native Americans;Native Americans;1;0;10;0;10;10;pre;suf;image;1;1;52
259;Renaissance;Renaissance;1;0;10;0;10;10;pre;suf;image;1;1;52
260;Wood;Wood;1;0;10;0;10;10;pre;suf;image;1;1;53
261;Bereavement (grief and loss);Bereavement (grief and loss);1;0;10;0;10;10;pre;suf;image;1;1;53
262;Hammocks;Hammocks;1;0;10;0;10;10;pre;suf;image;1;1;53
263;Native Americans;Native Americans;1;0;10;0;10;10;pre;suf;image;1;1;53
264;Disasters;Disasters;1;0;10;0;10;10;pre;suf;image;1;1;53
265;Vegetables;Vegetables;1;0;10;0;10;10;pre;suf;image;1;1;54
266;Shoes;Shoes;1;0;10;0;10;10;pre;suf;image;1;1;54
267;Foster care;Foster care;1;0;10;0;10;10;pre;suf;image;1;1;54
268;Multicultural;Multicultural;1;0;10;0;10;10;pre;suf;image;1;1;54
269;Psychiatric;Psychiatric;1;0;10;0;10;10;pre;suf;image;1;1;54
270;Snakes;Snakes;1;0;10;0;10;10;pre;suf;image;1;1;55
271;Sugar;Sugar;1;0;10;0;10;10;pre;suf;image;1;1;55
272;Bananas;Bananas;1;0;10;0;10;10;pre;suf;image;1;1;55
273;Billiards;Billiards;1;0;10;0;10;10;pre;suf;image;1;1;55
274;Guided imagery and music (gim);Guided imagery and music (gim);1;0;10;0;10;10;pre;suf;image;1;1;55
275;Consumer psychology;Consumer psychology;1;0;10;0;10;10;pre;suf;image;1;1;56
276;Volleyball;Volleyball;1;0;10;0;10;10;pre;suf;image;1;1;56
277;Developmental problems;Developmental problems;1;0;10;0;10;10;pre;suf;image;1;1;56
278;Windmills;Windmills;1;0;10;0;10;10;pre;suf;image;1;1;56
279;Literature;Literature;1;0;10;0;10;10;pre;suf;image;1;1;56
280;Europe;Europe;1;0;10;0;10;10;pre;suf;image;1;1;57
281;Military;Military;1;0;10;0;10;10;pre;suf;image;1;1;57
282;Execution;Execution;1;0;10;0;10;10;pre;suf;image;1;1;57
283;Bullying and violence;Bullying and violence;1;0;10;0;10;10;pre;suf;image;1;1;57
284;Cats;Cats;1;0;10;0;10;10;pre;suf;image;1;1;57
285;Motherhood;Motherhood;1;0;10;0;10;10;pre;suf;image;1;1;58
286;Music;Music;1;0;10;0;10;10;pre;suf;image;1;1;58
287;Cheese;Cheese;1;0;10;0;10;10;pre;suf;image;1;1;58
288;Religion;Religion;1;0;10;0;10;10;pre;suf;image;1;1;58
289;Bakeries;Bakeries;1;0;10;0;10;10;pre;suf;image;1;1;58
290;Asia;Asia;1;0;10;0;10;10;pre;suf;image;1;1;59
291;Transhumanism;Transhumanism;1;0;10;0;10;10;pre;suf;image;1;1;59
292;Mood disorders;Mood disorders;1;0;10;0;10;10;pre;suf;image;1;1;59
293;Neuropsychology;Neuropsychology;1;0;10;0;10;10;pre;suf;image;1;1;59
294;Muppets;Muppets;1;0;10;0;10;10;pre;suf;image;1;1;59
295;Europe;Europe;1;0;10;0;10;10;pre;suf;image;1;1;60
296;Cigarettes;Cigarettes;1;0;10;0;10;10;pre;suf;image;1;1;60
297;Transhumanism;Transhumanism;1;0;10;0;10;10;pre;suf;image;1;1;60
298;Pigeons;Pigeons;1;0;10;0;10;10;pre;suf;image;1;1;60
299;Social sciences;Social sciences;1;0;10;0;10;10;pre;suf;image;1;1;60
300;Natural sciences and nature;Natural sciences and nature;1;0;10;0;10;10;pre;suf;image;1;1;61
301;Cooking;Cooking;1;0;10;0;10;10;pre;suf;image;1;1;61
302;Community music therapy;Community music therapy;1;0;10;0;10;10;pre;suf;image;1;1;61
303;Children and family;Children and family;1;0;10;0;10;10;pre;suf;image;1;1;61
304;Improvisational music therapy;Improvisational music therapy;1;0;10;0;10;10;pre;suf;image;1;1;61
305;Communism;Communism;1;0;10;0;10;10;pre;suf;image;1;1;62
306;Psychology;Psychology;1;0;10;0;10;10;pre;suf;image;1;1;62
307;Dentistry;Dentistry;1;0;10;0;10;10;pre;suf;image;1;1;62
308;Sports and exercise psychology;Sports and exercise psychology;1;0;10;0;10;10;pre;suf;image;1;1;62
309;Spinning;Spinning;1;0;10;0;10;10;pre;suf;image;1;1;62
310;Library and information science;Library and information science;1;0;10;0;10;10;pre;suf;image;1;1;63
311;Pipe Organs;Pipe Organs;1;0;10;0;10;10;pre;suf;image;1;1;63
312;Psychodrama;Psychodrama;1;0;10;0;10;10;pre;suf;image;1;1;63
313;Pilots;Pilots;1;0;10;0;10;10;pre;suf;image;1;1;63
314;Baseball;Baseball;1;0;10;0;10;10;pre;suf;image;1;1;63
315;Shipping;Shipping;1;0;10;0;10;10;pre;suf;image;1;1;64
316;Bohemians;Bohemians;1;0;10;0;10;10;pre;suf;image;1;1;64
317;Billiards;Billiards;1;0;10;0;10;10;pre;suf;image;1;1;64
318;Autobiography;Autobiography;1;0;10;0;10;10;pre;suf;image;1;1;64
319;Foundations;Foundations;1;0;10;0;10;10;pre;suf;image;1;1;64
320;Energy development;Energy development;1;0;10;0;10;10;pre;suf;image;1;1;65
321;Psychotherapy;Psychotherapy;1;0;10;0;10;10;pre;suf;image;1;1;65
322;Cats;Cats;1;0;10;0;10;10;pre;suf;image;1;1;65
323;Ethics and practice;Ethics and practice;1;0;10;0;10;10;pre;suf;image;1;1;65
324;Insects;Insects;1;0;10;0;10;10;pre;suf;image;1;1;65
325;Social sciences;Social sciences;1;0;10;0;10;10;pre;suf;image;1;1;66
326;Napoleon;Napoleon;1;0;10;0;10;10;pre;suf;image;1;1;66
327;Motorcycles;Motorcycles;1;0;10;0;10;10;pre;suf;image;1;1;66
328;Birds;Birds;1;0;10;0;10;10;pre;suf;image;1;1;66
329;Countertransference;Countertransference;1;0;10;0;10;10;pre;suf;image;1;1;66
330;Pipes;Pipes;1;0;10;0;10;10;pre;suf;image;1;1;67
331;Smoking;Smoking;1;0;10;0;10;10;pre;suf;image;1;1;67
332;Biochemistry;Biochemistry;1;0;10;0;10;10;pre;suf;image;1;1;67
333;Fieldwork;Fieldwork;1;0;10;0;10;10;pre;suf;image;1;1;67
334;Lions;Lions;1;0;10;0;10;10;pre;suf;image;1;1;67
335;Pineapple;Pineapple;1;0;10;0;10;10;pre;suf;image;1;1;68
336;Buddhism;Buddhism;1;0;10;0;10;10;pre;suf;image;1;1;68
337;Telephone;Telephone;1;0;10;0;10;10;pre;suf;image;1;1;68
338;X-Rays;X-Rays;1;0;10;0;10;10;pre;suf;image;1;1;68
339;Painting;Painting;1;0;10;0;10;10;pre;suf;image;1;1;68
340;Personality and behaviour;Personality and behaviour;1;0;10;0;10;10;pre;suf;image;1;1;69
341;Sports and exercise psychology;Sports and exercise psychology;1;0;10;0;10;10;pre;suf;image;1;1;69
342;Multicultural;Multicultural;1;0;10;0;10;10;pre;suf;image;1;1;69
343;Balloons;Balloons;1;0;10;0;10;10;pre;suf;image;1;1;69
344;Developmental problems;Developmental problems;1;0;10;0;10;10;pre;suf;image;1;1;69
345;Insects;Insects;1;0;10;0;10;10;pre;suf;image;1;1;70
346;Group work;Group work;1;0;10;0;10;10;pre;suf;image;1;1;70
347;Arts and entertainment;Arts and entertainment;1;0;10;0;10;10;pre;suf;image;1;1;70
348;Countertransference;Countertransference;1;0;10;0;10;10;pre;suf;image;1;1;70
349;Books;Books;1;0;10;0;10;10;pre;suf;image;1;1;70
350;Earthquake;Earthquake;1;0;10;0;10;10;pre;suf;image;1;1;71
351;Women;Women;1;0;10;0;10;10;pre;suf;image;1;1;71
352;Fishing;Fishing;1;0;10;0;10;10;pre;suf;image;1;1;71
353;Tattoos;Tattoos;1;0;10;0;10;10;pre;suf;image;1;1;71
354;Social sciences;Social sciences;1;0;10;0;10;10;pre;suf;image;1;1;71
355;Transpersonal;Transpersonal;1;0;10;0;10;10;pre;suf;image;1;1;72
356;Motorcycles;Motorcycles;1;0;10;0;10;10;pre;suf;image;1;1;72
357;Humanism;Humanism;1;0;10;0;10;10;pre;suf;image;1;1;72
358;Monkeys;Monkeys;1;0;10;0;10;10;pre;suf;image;1;1;72
359;Skull;Skull;1;0;10;0;10;10;pre;suf;image;1;1;72
360;Foster care;Foster care;1;0;10;0;10;10;pre;suf;image;1;1;73
361;Weaving;Weaving;1;0;10;0;10;10;pre;suf;image;1;1;73
362;Occupational psychology;Occupational psychology;1;0;10;0;10;10;pre;suf;image;1;1;73
363;Cocoa;Cocoa;1;0;10;0;10;10;pre;suf;image;1;1;73
364;Artificial intelligence;Artificial intelligence;1;0;10;0;10;10;pre;suf;image;1;1;73
365;Developmental disabilities;Developmental disabilities;1;0;10;0;10;10;pre;suf;image;1;1;74
366;Pork;Pork;1;0;10;0;10;10;pre;suf;image;1;1;74
367;Renaissance;Renaissance;1;0;10;0;10;10;pre;suf;image;1;1;74
368;Mountaineering;Mountaineering;1;0;10;0;10;10;pre;suf;image;1;1;74
369;Cocoa;Cocoa;1;0;10;0;10;10;pre;suf;image;1;1;74
370;Telephone;Telephone;1;0;10;0;10;10;pre;suf;image;1;1;75
371;Community music therapy;Community music therapy;1;0;10;0;10;10;pre;suf;image;1;1;75
372;Archaeology;Archaeology;1;0;10;0;10;10;pre;suf;image;1;1;75
373;Money;Money;1;0;10;0;10;10;pre;suf;image;1;1;75
374;Emotional intelligence;Emotional intelligence;1;0;10;0;10;10;pre;suf;image;1;1;75
375;Medicine;Medicine;1;0;10;0;10;10;pre;suf;image;1;1;76
376;Mining;Mining;1;0;10;0;10;10;pre;suf;image;1;1;76
377;Bakeries;Bakeries;1;0;10;0;10;10;pre;suf;image;1;1;76
378;Chemistr;Chemistr;1;0;10;0;10;10;pre;suf;image;1;1;76
379;Lions;Lions;1;0;10;0;10;10;pre;suf;image;1;1;76
380;Windmills;Windmills;1;0;10;0;10;10;pre;suf;image;1;1;77
381;Practicum;Practicum;1;0;10;0;10;10;pre;suf;image;1;1;77
382;Swings;Swings;1;0;10;0;10;10;pre;suf;image;1;1;77
383;Transpersonal psychology;Transpersonal psychology;1;0;10;0;10;10;pre;suf;image;1;1;77
384;Motorcyclesy;Motorcyclesy;1;0;10;0;10;10;pre;suf;image;1;1;77
385;Ecology;Ecology;1;0;10;0;10;10;pre;suf;image;1;1;78
386;Matches;Matches;1;0;10;0;10;10;pre;suf;image;1;1;78
387;Airports;Airports;1;0;10;0;10;10;pre;suf;image;1;1;78
388;Race;Race;1;0;10;0;10;10;pre;suf;image;1;1;78
389;Trigonometry;Trigonometry;1;0;10;0;10;10;pre;suf;image;1;1;78
390;Paper Boys;Paper Boys;1;0;10;0;10;10;pre;suf;image;1;1;79
391;Seesaws;Seesaws;1;0;10;0;10;10;pre;suf;image;1;1;79
392;Humanism;Humanism;1;0;10;0;10;10;pre;suf;image;1;1;79
393;Crocodiles;Crocodiles;1;0;10;0;10;10;pre;suf;image;1;1;79
394;Cobblers;Cobblers;1;0;10;0;10;10;pre;suf;image;1;1;79
395;Disasters;Disasters;1;0;10;0;10;10;pre;suf;image;1;1;80
396;Philosophy;Philosophy;1;0;10;0;10;10;pre;suf;image;1;1;80
397;Children and family;Children and family;1;0;10;0;10;10;pre;suf;image;1;1;80
398;Frogs;Frogs;1;0;10;0;10;10;pre;suf;image;1;1;80
399;Calculus;Calculus;1;0;10;0;10;10;pre;suf;image;1;1;80
400;Transpersonal;Transpersonal;1;0;10;0;10;10;pre;suf;image;1;1;81
401;Cooking;Cooking;1;0;10;0;10;10;pre;suf;image;1;1;81
402;Communi;Communi;1;0;10;0;10;10;pre;suf;image;1;1;81
403;Discrete mathematics;Discrete mathematics;1;0;10;0;10;10;pre;suf;image;1;1;81
404;Crime;Crime;1;0;10;0;10;10;pre;suf;image;1;1;81
405;Wrestling;Wrestling;1;0;10;0;10;10;pre;suf;image;1;1;82
406;Veterinarians;Veterinarians;1;0;10;0;10;10;pre;suf;image;1;1;82
407;Meteorology;Meteorology;1;0;10;0;10;10;pre;suf;image;1;1;82
408;Critical theoryty psychology;Critical theoryty psychology;1;0;10;0;10;10;pre;suf;image;1;1;82
409;Computer science;Computer science;1;0;10;0;10;10;pre;suf;image;1;1;82
410;Billiards;Billiards;1;0;10;0;10;10;pre;suf;image;1;1;83
411;Shells;Shells;1;0;10;0;10;10;pre;suf;image;1;1;83
412;Boy Scouts;Boy Scouts;1;0;10;0;10;10;pre;suf;image;1;1;83
413;Politics;Politics;1;0;10;0;10;10;pre;suf;image;1;1;83
414;Breweries;Breweries;1;0;10;0;10;10;pre;suf;image;1;1;83
415;Geometry;Geometry;1;0;10;0;10;10;pre;suf;image;1;1;84
416;Cactus;Cactus;1;0;10;0;10;10;pre;suf;image;1;1;84
417;Philosophy;Philosophy;1;0;10;0;10;10;pre;suf;image;1;1;84
418;Execution;Execution;1;0;10;0;10;10;pre;suf;image;1;1;84
419;Hotels;Hotels;1;0;10;0;10;10;pre;suf;image;1;1;84
420;Muppets;Muppets;1;0;10;0;10;10;pre;suf;image;1;1;85
421;Alligators;Alligators;1;0;10;0;10;10;pre;suf;image;1;1;85
422;Medieval history (middle ages);Medieval history (middle ages);1;0;10;0;10;10;pre;suf;image;1;1;85
423;Personality and behaviour;Personality and behaviour;1;0;10;0;10;10;pre;suf;image;1;1;85
424;Multiple disabilities;Multiple disabilities;1;0;10;0;10;10;pre;suf;image;1;1;85
425;Consumer psychology;Consumer psychology;1;0;10;0;10;10;pre;suf;image;1;1;86
426;Hurricanes;Hurricanes;1;0;10;0;10;10;pre;suf;image;1;1;86
427;Dementia;Dementia;1;0;10;0;10;10;pre;suf;image;1;1;86
428;Paper Boys;Paper Boys;1;0;10;0;10;10;pre;suf;image;1;1;86
429;Hobbies;Hobbies;1;0;10;0;10;10;pre;suf;image;1;1;86
430;Blacksmiths;Blacksmiths;1;0;10;0;10;10;pre;suf;image;1;1;87
431;Circus;Circus;1;0;10;0;10;10;pre;suf;image;1;1;87
432;Big science;Big science;1;0;10;0;10;10;pre;suf;image;1;1;87
433;Practicum;Practicum;1;0;10;0;10;10;pre;suf;image;1;1;87
434;End of life;End of life;1;0;10;0;10;10;pre;suf;image;1;1;87
435;Personality and behaviour;Personality and behaviour;1;0;10;0;10;10;pre;suf;image;1;1;88
436;Theory;Theory;1;0;10;0;10;10;pre;suf;image;1;1;88
437;Health psychology;Health psychology;1;0;10;0;10;10;pre;suf;image;1;1;88
438;Calculus;Calculus;1;0;10;0;10;10;pre;suf;image;1;1;88
439;Paper Boys;Paper Boys;1;0;10;0;10;10;pre;suf;image;1;1;88
440;Americans;Americans;1;0;10;0;10;10;pre;suf;image;1;1;89
441;Barbers;Barbers;1;0;10;0;10;10;pre;suf;image;1;1;89
442;Sugar;Sugar;1;0;10;0;10;10;pre;suf;image;1;1;89
443;Caves;Caves;1;0;10;0;10;10;pre;suf;image;1;1;89
444;Fieldwork;Fieldwork;1;0;10;0;10;10;pre;suf;image;1;1;89
445;Breweries;Breweries;1;0;10;0;10;10;pre;suf;image;1;1;90
446;Earth sciences;Earth sciences;1;0;10;0;10;10;pre;suf;image;1;1;90
447;Rhinoceros;Rhinoceros;1;0;10;0;10;10;pre;suf;image;1;1;90
448;Artificial intelligence;Artificial intelligence;1;0;10;0;10;10;pre;suf;image;1;1;90
449;Swings;Swings;1;0;10;0;10;10;pre;suf;image;1;1;90
450;Emotional intelligence;Emotional intelligence;1;0;10;0;10;10;pre;suf;image;1;1;91
451;Seashells;Seashells;1;0;10;0;10;10;pre;suf;image;1;1;91
452;Discrete mathematics;Discrete mathematics;1;0;10;0;10;10;pre;suf;image;1;1;91
453;Careers;Careers;1;0;10;0;10;10;pre;suf;image;1;1;91
454;Community psychology;Community psychology;1;0;10;0;10;10;pre;suf;image;1;1;91
455;Balloons;Balloons;1;0;10;0;10;10;pre;suf;image;1;1;92
456;Spirituality;Spirituality;1;0;10;0;10;10;pre;suf;image;1;1;92
457;Disasters;Disasters;1;0;10;0;10;10;pre;suf;image;1;1;92
458;Pilots;Pilots;1;0;10;0;10;10;pre;suf;image;1;1;92
459;Developmental psychology;Developmental psychology;1;0;10;0;10;10;pre;suf;image;1;1;92
460;Railroads;Railroads;1;0;10;0;10;10;pre;suf;image;1;1;93
461;Insects;Insects;1;0;10;0;10;10;pre;suf;image;1;1;93
462;Cocoa;Cocoa;1;0;10;0;10;10;pre;suf;image;1;1;93
463;Developmental problems;Developmental problems;1;0;10;0;10;10;pre;suf;image;1;1;93
464;Flood;Flood;1;0;10;0;10;10;pre;suf;image;1;1;93
465;Pigs;Pigs;1;0;10;0;10;10;pre;suf;image;1;1;94
466;Camels;Camels;1;0;10;0;10;10;pre;suf;image;1;1;94
467;Transhumanism;Transhumanism;1;0;10;0;10;10;pre;suf;image;1;1;94
468;Careers;Careers;1;0;10;0;10;10;pre;suf;image;1;1;94
469;Education;Education;1;0;10;0;10;10;pre;suf;image;1;1;94
470;Pipe Organs;Pipe Organs;1;0;10;0;10;10;pre;suf;image;1;1;95
471;Pottery;Pottery;1;0;10;0;10;10;pre;suf;image;1;1;95
472;Psychodynamic;Psychodynamic;1;0;10;0;10;10;pre;suf;image;1;1;95
473;Palliative;Palliative;1;0;10;0;10;10;pre;suf;image;1;1;95
474;Communism;Communism;1;0;10;0;10;10;pre;suf;image;1;1;95
475;Opera;Opera;1;0;10;0;10;10;pre;suf;image;1;1;96
476;Event trauma;Event trauma;1;0;10;0;10;10;pre;suf;image;1;1;96
477;Elephants;Elephants;1;0;10;0;10;10;pre;suf;image;1;1;96
478;Artificial intelligence;Artificial intelligence;1;0;10;0;10;10;pre;suf;image;1;1;96
479;Fencing;Fencing;1;0;10;0;10;10;pre;suf;image;1;1;96
480;Thinking;Thinking;1;0;10;0;10;10;pre;suf;image;1;1;97
481;Nordoff-robbins music therapy;Nordoff-robbins music therapy;1;0;10;0;10;10;pre;suf;image;1;1;97
482;Jewelry;Jewelry;1;0;10;0;10;10;pre;suf;image;1;1;97
483;Composition;Composition;1;0;10;0;10;10;pre;suf;image;1;1;97
484;Games;Games;1;0;10;0;10;10;pre;suf;image;1;1;97
485;Gorillas;Gorillas;1;0;10;0;10;10;pre;suf;image;1;1;98
486;Computer science;Computer science;1;0;10;0;10;10;pre;suf;image;1;1;98
487;Songs;Songs;1;0;10;0;10;10;pre;suf;image;1;1;98
488;Coffee;Coffee;1;0;10;0;10;10;pre;suf;image;1;1;98
489;Rabbits;Rabbits;1;0;10;0;10;10;pre;suf;image;1;1;98
490;Banking;Banking;1;0;10;0;10;10;pre;suf;image;1;1;99
491;Beekeeping;Beekeeping;1;0;10;0;10;10;pre;suf;image;1;1;99
492;Native Americans;Native Americans;1;0;10;0;10;10;pre;suf;image;1;1;99
493;Mountaineering;Mountaineering;1;0;10;0;10;10;pre;suf;image;1;1;99
494;Carousels;Carousels;1;0;10;0;10;10;pre;suf;image;1;1;99
495;Analytical music therapy;Analytical music therapy;1;0;10;0;10;10;pre;suf;image;1;1;100
496;Prisons;Prisons;1;0;10;0;10;10;pre;suf;image;1;1;100
497;Critical theory;Critical theory;1;0;10;0;10;10;pre;suf;image;1;1;100
498;Shovels;Shovels;1;0;10;0;10;10;pre;suf;image;1;1;100
499;Balloons;Balloons;1;0;10;0;10;10;pre;suf;image;1;1;100
500;Medieval history (middle ages);Medieval history (middle ages);1;0;10;0;10;10;pre;suf;image;1;1;101
501;Jewelry;Jewelry;1;0;10;0;10;10;pre;suf;image;1;1;101
502;Games;Games;1;0;10;0;10;10;pre;suf;image;1;1;101
503;Law;Law;1;0;10;0;10;10;pre;suf;image;1;1;101
504;Sports and exercise psychology;Sports and exercise psychology;1;0;10;0;10;10;pre;suf;image;1;1;101
505;Thinking;Thinking;1;0;10;0;10;10;pre;suf;image;1;1;102
506;X-Rays;X-Rays;1;0;10;0;10;10;pre;suf;image;1;1;102
507;Meteorology;Meteorology;1;0;10;0;10;10;pre;suf;image;1;1;102
508;Archaeology;Archaeology;1;0;10;0;10;10;pre;suf;image;1;1;102
509;Shovels;Shovels;1;0;10;0;10;10;pre;suf;image;1;1;102
510;Infancy and early childhood;Infancy and early childhood;1;0;10;0;10;10;pre;suf;image;1;1;103
511;Parachuting;Parachuting;1;0;10;0;10;10;pre;suf;image;1;1;103
512;Classical antiquity;Classical antiquity;1;0;10;0;10;10;pre;suf;image;1;1;103
513;Boats;Boats;1;0;10;0;10;10;pre;suf;image;1;1;103
514;Abuse;Abuse;1;0;10;0;10;10;pre;suf;image;1;1;103
515;Banking;Banking;1;0;10;0;10;10;pre;suf;image;1;1;104
516;Justice;Justice;1;0;10;0;10;10;pre;suf;image;1;1;104
517;Vehicles;Vehicles;1;0;10;0;10;10;pre;suf;image;1;1;104
518;Hotels;Hotels;1;0;10;0;10;10;pre;suf;image;1;1;104
519;Blacksmiths;Blacksmiths;1;0;10;0;10;10;pre;suf;image;1;1;104
520;Calculus;Calculus;1;0;10;0;10;10;pre;suf;image;1;1;105
521;Royalty;Royalty;1;0;10;0;10;10;pre;suf;image;1;1;105
522;Robotics;Robotics;1;0;10;0;10;10;pre;suf;image;1;1;105
523;Mummies;Mummies;1;0;10;0;10;10;pre;suf;image;1;1;105
524;Pottery;Pottery;1;0;10;0;10;10;pre;suf;image;1;1;105
525;Classical studies;Classical studies;1;0;10;0;10;10;pre;suf;image;1;1;106
526;Barbers;Barbers;1;0;10;0;10;10;pre;suf;image;1;1;106
527;Big science;Big science;1;0;10;0;10;10;pre;suf;image;1;1;106
528;Hurricanes;Hurricanes;1;0;10;0;10;10;pre;suf;image;1;1;106
529;Criminals;Criminals;1;0;10;0;10;10;pre;suf;image;1;1;106
530;Horses;Horses;1;0;10;0;10;10;pre;suf;image;1;1;107
531;Neuropsychology;Neuropsychology;1;0;10;0;10;10;pre;suf;image;1;1;107
532;Mules;Mules;1;0;10;0;10;10;pre;suf;image;1;1;107
533;North Africa;North Africa;1;0;10;0;10;10;pre;suf;image;1;1;107
534;Countertransference;Countertransference;1;0;10;0;10;10;pre;suf;image;1;1;107
535;Murderers;Murderers;1;0;10;0;10;10;pre;suf;image;1;1;108
536;Coffee;Coffee;1;0;10;0;10;10;pre;suf;image;1;1;108
537;Mental health;Mental health;1;0;10;0;10;10;pre;suf;image;1;1;108
538;Feminism;Feminism;1;0;10;0;10;10;pre;suf;image;1;1;108
539;Event trauma;Event trauma;1;0;10;0;10;10;pre;suf;image;1;1;108
540;Classical studies;Classical studies;1;0;10;0;10;10;pre;suf;image;1;1;109
541;Forensic psychology;Forensic psychology;1;0;10;0;10;10;pre;suf;image;1;1;109
542;Race;Race;1;0;10;0;10;10;pre;suf;image;1;1;109
543;Circus;Circus;1;0;10;0;10;10;pre;suf;image;1;1;109
544;Masonry;Masonry;1;0;10;0;10;10;pre;suf;image;1;1;109
545;Art and entertainment;Art and entertainment;1;0;10;0;10;10;pre;suf;image;1;1;110
546;Architecture;Architecture;1;0;10;0;10;10;pre;suf;image;1;1;110
547;Earthquake;Earthquake;1;0;10;0;10;10;pre;suf;image;1;1;110
548;Bereavement (grief and loss);Bereavement (grief and loss);1;0;10;0;10;10;pre;suf;image;1;1;110
549;Sewing Machines;Sewing Machines;1;0;10;0;10;10;pre;suf;image;1;1;110
550;Neuropsychology;Neuropsychology;1;0;10;0;10;10;pre;suf;image;1;1;111
551;Technology and cyberpsychology;Technology and cyberpsychology;1;0;10;0;10;10;pre;suf;image;1;1;111
552;Machines;Machines;1;0;10;0;10;10;pre;suf;image;1;1;111
553;Spiritual;Spiritual;1;0;10;0;10;10;pre;suf;image;1;1;111
554;Women;Women;1;0;10;0;10;10;pre;suf;image;1;1;111
555;Hockey;Hockey;1;0;10;0;10;10;pre;suf;image;1;1;112
556;Opera;Opera;1;0;10;0;10;10;pre;suf;image;1;1;112
557;Gorillas;Gorillas;1;0;10;0;10;10;pre;suf;image;1;1;112
558;Sociology;Sociology;1;0;10;0;10;10;pre;suf;image;1;1;112
559;The society;The society;1;0;10;0;10;10;pre;suf;image;1;1;112
560;Slavery;Slavery;1;0;10;0;10;10;pre;suf;image;1;1;113
561;Birds;Birds;1;0;10;0;10;10;pre;suf;image;1;1;113
562;Mathematical statistical and computing;Mathematical statistical and computing;1;0;10;0;10;10;pre;suf;image;1;1;113
563;History and philosophy of psychology;History and philosophy of psychology;1;0;10;0;10;10;pre;suf;image;1;1;113
564;Transhumanism;Transhumanism;1;0;10;0;10;10;pre;suf;image;1;1;113
565;Ethics and practice;Ethics and practice;1;0;10;0;10;10;pre;suf;image;1;1;114
566;Health psychology;Health psychology;1;0;10;0;10;10;pre;suf;image;1;1;114
567;Buffaloes;Buffaloes;1;0;10;0;10;10;pre;suf;image;1;1;114
568;Agriculture;Agriculture;1;0;10;0;10;10;pre;suf;image;1;1;114
569;Ecology;Ecology;1;0;10;0;10;10;pre;suf;image;1;1;114
570;Spiritism;Spiritism;1;0;10;0;10;10;pre;suf;image;1;1;115
571;History and philosophy of psychology;History and philosophy of psychology;1;0;10;0;10;10;pre;suf;image;1;1;115
572;Murderers;Murderers;1;0;10;0;10;10;pre;suf;image;1;1;115
573;Amusement Parks;Amusement Parks;1;0;10;0;10;10;pre;suf;image;1;1;115
574;Barbers;Barbers;1;0;10;0;10;10;pre;suf;image;1;1;115
575;Programming;Programming;1;0;10;0;10;10;pre;suf;image;1;1;116
576;Relationships;Relationships;1;0;10;0;10;10;pre;suf;image;1;1;116
577;Spiritism;Spiritism;1;0;10;0;10;10;pre;suf;image;1;1;116
578;Voice;Voice;1;0;10;0;10;10;pre;suf;image;1;1;116
579;Culture;Culture;1;0;10;0;10;10;pre;suf;image;1;1;116
580;Salt;Salt;1;0;10;0;10;10;pre;suf;image;1;1;117
581;Spiritual;Spiritual;1;0;10;0;10;10;pre;suf;image;1;1;117
582;Spirituality;Spirituality;1;0;10;0;10;10;pre;suf;image;1;1;117
583;Medieval history (middle ages);Medieval history (middle ages);1;0;10;0;10;10;pre;suf;image;1;1;117
584;Tigers;Tigers;1;0;10;0;10;10;pre;suf;image;1;1;117
585;Muppets;Muppets;1;0;10;0;10;10;pre;suf;image;1;1;118
586;Pigeons;Pigeons;1;0;10;0;10;10;pre;suf;image;1;1;118
587;Critical theory;Critical theory;1;0;10;0;10;10;pre;suf;image;1;1;118
588;Pediatrics;Pediatrics;1;0;10;0;10;10;pre;suf;image;1;1;118
589;Murderers;Murderers;1;0;10;0;10;10;pre;suf;image;1;1;118
590;Cactus;Cactus;1;0;10;0;10;10;pre;suf;image;1;1;119
591;Teaching and learning;Teaching and learning;1;0;10;0;10;10;pre;suf;image;1;1;119
592;Functional music;Functional music;1;0;10;0;10;10;pre;suf;image;1;1;119
593;Athletics;Athletics;1;0;10;0;10;10;pre;suf;image;1;1;119
594;Robotics;Robotics;1;0;10;0;10;10;pre;suf;image;1;1;119
595;Murderers;Murderers;1;0;10;0;10;10;pre;suf;image;1;1;120
596;Cactus;Cactus;1;0;10;0;10;10;pre;suf;image;1;1;120
597;Caves;Caves;1;0;10;0;10;10;pre;suf;image;1;1;120
598;Hotels;Hotels;1;0;10;0;10;10;pre;suf;image;1;1;120
599;Cheese;Cheese;1;0;10;0;10;10;pre;suf;image;1;1;120
600;Mining;Mining;1;0;10;0;10;10;pre;suf;image;1;1;121
601;Volcanoes;Volcanoes;1;0;10;0;10;10;pre;suf;image;1;1;121
602;Spirituality;Spirituality;1;0;10;0;10;10;pre;suf;image;1;1;121
603;Addiction and substance abuse;Addiction and substance abuse;1;0;10;0;10;10;pre;suf;image;1;1;121
604;Accordions;Accordions;1;0;10;0;10;10;pre;suf;image;1;1;121
605;Motorcycles;Motorcycles;1;0;10;0;10;10;pre;suf;image;1;1;122
606;Palliative;Palliative;1;0;10;0;10;10;pre;suf;image;1;1;122
607;Cricket;Cricket;1;0;10;0;10;10;pre;suf;image;1;1;122
608;Countertransference;Countertransference;1;0;10;0;10;10;pre;suf;image;1;1;122
609;Social music therapy;Social music therapy;1;0;10;0;10;10;pre;suf;image;1;1;122
610;Wood;Wood;1;0;10;0;10;10;pre;suf;image;1;1;123
611;Horses;Horses;1;0;10;0;10;10;pre;suf;image;1;1;123
612;Baseball;Baseball;1;0;10;0;10;10;pre;suf;image;1;1;123
613;Psychology of women;Psychology of women;1;0;10;0;10;10;pre;suf;image;1;1;123
614;End of life;End of life;1;0;10;0;10;10;pre;suf;image;1;1;123
615;Chess;Chess;1;0;10;0;10;10;pre;suf;image;1;1;124
616;Stress anxiety depression;Stress anxiety depression;1;0;10;0;10;10;pre;suf;image;1;1;124
617;Water Skiing;Water Skiing;1;0;10;0;10;10;pre;suf;image;1;1;124
618;Communication;Communication;1;0;10;0;10;10;pre;suf;image;1;1;124
619;Race;Race;1;0;10;0;10;10;pre;suf;image;1;1;124
620;Bears;Bears;1;0;10;0;10;10;pre;suf;image;1;1;125
621;Sugar;Sugar;1;0;10;0;10;10;pre;suf;image;1;1;125
622;Ecology;Ecology;1;0;10;0;10;10;pre;suf;image;1;1;125
623;Diamond;Diamond;1;0;10;0;10;10;pre;suf;image;1;1;125
624;Opera;Opera;1;0;10;0;10;10;pre;suf;image;1;1;125
625;Chess;Chess;1;0;10;0;10;10;pre;suf;image;1;1;126
626;Law and crime;Law and crime;1;0;10;0;10;10;pre;suf;image;1;1;126
627;Film;Film;1;0;10;0;10;10;pre;suf;image;1;1;126
628;Camels;Camels;1;0;10;0;10;10;pre;suf;image;1;1;126
629;Spiritism;Spiritism;1;0;10;0;10;10;pre;suf;image;1;1;126
630;Africa;Africa;1;0;10;0;10;10;pre;suf;image;1;1;127
631;Water Skiing;Water Skiing;1;0;10;0;10;10;pre;suf;image;1;1;127
632;Sheep;Sheep;1;0;10;0;10;10;pre;suf;image;1;1;127
633;Engineering;Engineering;1;0;10;0;10;10;pre;suf;image;1;1;127
634;Insects;Insects;1;0;10;0;10;10;pre;suf;image;1;1;127
635;Farmers Markets;Farmers Markets;1;0;10;0;10;10;pre;suf;image;1;1;128
636;World War 1;World War 1;1;0;10;0;10;10;pre;suf;image;1;1;128
637;Bakeries;Bakeries;1;0;10;0;10;10;pre;suf;image;1;1;128
638;Psychology of women;Psychology of women;1;0;10;0;10;10;pre;suf;image;1;1;128
639;Group work;Group work;1;0;10;0;10;10;pre;suf;image;1;1;128
640;Skull;Skull;1;0;10;0;10;10;pre;suf;image;1;1;129
641;Schizophrenia and other psychoses;Schizophrenia and other psychoses;1;0;10;0;10;10;pre;suf;image;1;1;129
642;Medieval history (middle ages);Medieval history (middle ages);1;0;10;0;10;10;pre;suf;image;1;1;129
643;Guided imagery and music;Guided imagery and music;1;0;10;0;10;10;pre;suf;image;1;1;129
644;Skull;Skull;1;0;10;0;10;10;pre;suf;image;1;1;129
645;Asia;Asia;1;0;10;0;10;10;pre;suf;image;1;1;130
646;Army;Army;1;0;10;0;10;10;pre;suf;image;1;1;130
647;Military;Military;1;0;10;0;10;10;pre;suf;image;1;1;130
648;Arithmetic;Arithmetic;1;0;10;0;10;10;pre;suf;image;1;1;130
649;Theory;Theory;1;0;10;0;10;10;pre;suf;image;1;1;130
650;Coffee;Coffee;1;0;10;0;10;10;pre;suf;image;1;1;131
651;Psychodynamic;Psychodynamic;1;0;10;0;10;10;pre;suf;image;1;1;131
652;Coffin;Coffin;1;0;10;0;10;10;pre;suf;image;1;1;131
653;Lighthouses;Lighthouses;1;0;10;0;10;10;pre;suf;image;1;1;131
654;Shovels;Shovels;1;0;10;0;10;10;pre;suf;image;1;1;131
655;Sports and exercise psychology;Sports and exercise psychology;1;0;10;0;10;10;pre;suf;image;1;1;132
656;Camels;Camels;1;0;10;0;10;10;pre;suf;image;1;1;132
657;Classical antiquity;Classical antiquity;1;0;10;0;10;10;pre;suf;image;1;1;132
658;Vaccines;Vaccines;1;0;10;0;10;10;pre;suf;image;1;1;132
659;Central America;Central America;1;0;10;0;10;10;pre;suf;image;1;1;132
660;Ferry Boats;Ferry Boats;1;0;10;0;10;10;pre;suf;image;1;1;133
661;Execution;Execution;1;0;10;0;10;10;pre;suf;image;1;1;133
662;Monkeys;Monkeys;1;0;10;0;10;10;pre;suf;image;1;1;133
663;Skating;Skating;1;0;10;0;10;10;pre;suf;image;1;1;133
664;Prisons;Prisons;1;0;10;0;10;10;pre;suf;image;1;1;133
665;Internet;Internet;1;0;10;0;10;10;pre;suf;image;1;1;134
666;Mental health;Mental health;1;0;10;0;10;10;pre;suf;image;1;1;134
667;Public affairs;Public affairs;1;0;10;0;10;10;pre;suf;image;1;1;134
668;Big science;Big science;1;0;10;0;10;10;pre;suf;image;1;1;134
669;Personality disorders;Personality disorders;1;0;10;0;10;10;pre;suf;image;1;1;134
670;Sailing;Sailing;1;0;10;0;10;10;pre;suf;image;1;1;135
671;Software engineering;Software engineering;1;0;10;0;10;10;pre;suf;image;1;1;135
672;Pineapple;Pineapple;1;0;10;0;10;10;pre;suf;image;1;1;135
673;Bereavement;Bereavement;1;0;10;0;10;10;pre;suf;image;1;1;135
674;World War 1;World War 1;1;0;10;0;10;10;pre;suf;image;1;1;135
675;Red Cross;Red Cross;1;0;10;0;10;10;pre;suf;image;1;1;136
676;Paper Boys;Paper Boys;1;0;10;0;10;10;pre;suf;image;1;1;136
677;Archaeology;Archaeology;1;0;10;0;10;10;pre;suf;image;1;1;136
678;Music therapists;Music therapists;1;0;10;0;10;10;pre;suf;image;1;1;136
679;Consciousness and experiential psychology;Consciousness and experiential psychology;1;0;10;0;10;10;pre;suf;image;1;1;136
680;Camels;Camels;1;0;10;0;10;10;pre;suf;image;1;1;137
681;Football;Football;1;0;10;0;10;10;pre;suf;image;1;1;137
682;Cemetery;Cemetery;1;0;10;0;10;10;pre;suf;image;1;1;137
683;Seesaws;Seesaws;1;0;10;0;10;10;pre;suf;image;1;1;137
684;Swings;Swings;1;0;10;0;10;10;pre;suf;image;1;1;137
685;Bananas;Bananas;1;0;10;0;10;10;pre;suf;image;1;1;138
686;Police;Police;1;0;10;0;10;10;pre;suf;image;1;1;138
687;Wrestling;Wrestling;1;0;10;0;10;10;pre;suf;image;1;1;138
688;Smoking;Smoking;1;0;10;0;10;10;pre;suf;image;1;1;138
689;Buddhism;Buddhism;1;0;10;0;10;10;pre;suf;image;1;1;138
690;Crocodiles;Crocodiles;1;0;10;0;10;10;pre;suf;image;1;1;139
691;Carpentry;Carpentry;1;0;10;0;10;10;pre;suf;image;1;1;139
692;Crime;Crime;1;0;10;0;10;10;pre;suf;image;1;1;139
693;Clowns;Clowns;1;0;10;0;10;10;pre;suf;image;1;1;139
694;Sports and exercise psychology;Sports and exercise psychology;1;0;10;0;10;10;pre;suf;image;1;1;139
695;Cards;Cards;1;0;10;0;10;10;pre;suf;image;1;1;140
696;Health science;Health science;1;0;10;0;10;10;pre;suf;image;1;1;140
697;Vegetables;Vegetables;1;0;10;0;10;10;pre;suf;image;1;1;140
698;Multicultural;Multicultural;1;0;10;0;10;10;pre;suf;image;1;1;140
699;Goats;Goats;1;0;10;0;10;10;pre;suf;image;1;1;140
700;Government and politics;Government and politics;1;0;10;0;10;10;pre;suf;image;1;1;141
701;Art and entertainment;Art and entertainment;1;0;10;0;10;10;pre;suf;image;1;1;141
702;Vanilla;Vanilla;1;0;10;0;10;10;pre;suf;image;1;1;141
703;Bohemians;Bohemians;1;0;10;0;10;10;pre;suf;image;1;1;141
704;Banking;Banking;1;0;10;0;10;10;pre;suf;image;1;1;141
705;Movie Theaters;Movie Theaters;1;0;10;0;10;10;pre;suf;image;1;1;142
706;Humanism;Humanism;1;0;10;0;10;10;pre;suf;image;1;1;142
707;Culture;Culture;1;0;10;0;10;10;pre;suf;image;1;1;142
708;Community music therapy;Community music therapy;1;0;10;0;10;10;pre;suf;image;1;1;142
709;Telephone;Telephone;1;0;10;0;10;10;pre;suf;image;1;1;142
710;Natural sciences and nature;Natural sciences and nature;1;0;10;0;10;10;pre;suf;image;1;1;143
711;Elephants;Elephants;1;0;10;0;10;10;pre;suf;image;1;1;143
712;Windmills;Windmills;1;0;10;0;10;10;pre;suf;image;1;1;143
713;Buddhism;Buddhism;1;0;10;0;10;10;pre;suf;image;1;1;143
714;Hippopotamus;Hippopotamus;1;0;10;0;10;10;pre;suf;image;1;1;143
715;Telephone;Telephone;1;0;10;0;10;10;pre;suf;image;1;1;144
716;Natural sciences and nature;Natural sciences and nature;1;0;10;0;10;10;pre;suf;image;1;1;144
717;Elephants;Elephants;1;0;10;0;10;10;pre;suf;image;1;1;144
718;Windmills;Windmills;1;0;10;0;10;10;pre;suf;image;1;1;144
719;Buddhism;Buddhism;1;0;10;0;10;10;pre;suf;image;1;1;144
720;Hippopotamus;Hippopotamus;1;0;10;0;10;10;pre;suf;image;1;1;145
721;Pipes;Pipes;1;0;10;0;10;10;pre;suf;image;1;1;145
722;Astronomy;Astronomy;1;0;10;0;10;10;pre;suf;image;1;1;145
723;Jewelry;Jewelry;1;0;10;0;10;10;pre;suf;image;1;1;145
724;Playing Cards;Playing Cards;1;0;10;0;10;10;pre;suf;image;1;1;145
725;Murderers;Murderers;1;0;10;0;10;10;pre;suf;image;1;1;146
726;Biochemistry;Biochemistry;1;0;10;0;10;10;pre;suf;image;1;1;146
727;Magicians;Magicians;1;0;10;0;10;10;pre;suf;image;1;1;146
728;Donkeys;Donkeys;1;0;10;0;10;10;pre;suf;image;1;1;146
729;Law;Law;1;0;10;0;10;10;pre;suf;image;1;1;146
730;Parachuting;Parachuting;1;0;10;0;10;10;pre;suf;image;1;1;147
731;Abuse survivors;Abuse survivors;1;0;10;0;10;10;pre;suf;image;1;1;147
732;Earth sciences;Earth sciences;1;0;10;0;10;10;pre;suf;image;1;1;147
733;Discrete mathematics;Discrete mathematics;1;0;10;0;10;10;pre;suf;image;1;1;147
734;Newspapers;Newspapers;1;0;10;0;10;10;pre;suf;image;1;1;147
735;Skull;Skull;1;0;10;0;10;10;pre;suf;image;1;1;148
736;Sports and exercise psychology;Sports and exercise psychology;1;0;10;0;10;10;pre;suf;image;1;1;148
737;Death;Death;1;0;10;0;10;10;pre;suf;image;1;1;148
738;Teaching and learning;Teaching and learning;1;0;10;0;10;10;pre;suf;image;1;1;148
739;Schizophrenia and other psychoses;Schizophrenia and other psychoses;1;0;10;0;10;10;pre;suf;image;1;1;148
740;Learning disabilities/difficulties;Learning disabilities/difficulties;1;0;10;0;10;10;pre;suf;image;1;1;149
741;Earthquake;Earthquake;1;0;10;0;10;10;pre;suf;image;1;1;149
742;Botany;Botany;1;0;10;0;10;10;pre;suf;image;1;1;149
743;Spirituality;Spirituality;1;0;10;0;10;10;pre;suf;image;1;1;149
744;Transpersonal psychology;Transpersonal psychology;1;0;10;0;10;10;pre;suf;image;1;1;149
745;Slavery;Slavery;1;0;10;0;10;10;pre;suf;image;1;1;150
746;Hobbies;Hobbies;1;0;10;0;10;10;pre;suf;image;1;1;150
747;Psychobiology;Psychobiology;1;0;10;0;10;10;pre;suf;image;1;1;150
748;Humanism;Humanism;1;0;10;0;10;10;pre;suf;image;1;1;150
749;Drugstores;Drugstores;1;0;10;0;10;10;pre;suf;image;1;1;150
750;Justice;Justice;1;0;10;0;10;10;pre;suf;image;1;1;151
751;Logic;Logic;1;0;10;0;10;10;pre;suf;image;1;1;151
752;Europe;Europe;1;0;10;0;10;10;pre;suf;image;1;1;151
753;Bullying and violence;Bullying and violence;1;0;10;0;10;10;pre;suf;image;1;1;151
754;Hurricanes;Hurricanes;1;0;10;0;10;10;pre;suf;image;1;1;151
755;Tigers;Tigers;1;0;10;0;10;10;pre;suf;image;1;1;152
756;Depression;Depression;1;0;10;0;10;10;pre;suf;image;1;1;152
757;Blacksmiths;Blacksmiths;1;0;10;0;10;10;pre;suf;image;1;1;152
758;Developmental psychology;Developmental psychology;1;0;10;0;10;10;pre;suf;image;1;1;152
759;Whales;Whales;1;0;10;0;10;10;pre;suf;image;1;1;152
760;Beekeeping;Beekeeping;1;0;10;0;10;10;pre;suf;image;1;1;153
761;Circus;Circus;1;0;10;0;10;10;pre;suf;image;1;1;153
762;Law;Law;1;0;10;0;10;10;pre;suf;image;1;1;153
763;Social music therapy;Social music therapy;1;0;10;0;10;10;pre;suf;image;1;1;153
764;Mathematical statistical and computing;Mathematical statistical and computing;1;0;10;0;10;10;pre;suf;image;1;1;153
765;Asia;Asia;1;0;10;0;10;10;pre;suf;image;1;1;154
766;Psychiatric;Psychiatric;1;0;10;0;10;10;pre;suf;image;1;1;154
767;Classical studies;Classical studies;1;0;10;0;10;10;pre;suf;image;1;1;154
768;Dance;Dance;1;0;10;0;10;10;pre;suf;image;1;1;154
769;Music;Music;1;0;10;0;10;10;pre;suf;image;1;1;154
770;Elephants;Elephants;1;0;10;0;10;10;pre;suf;image;1;1;155
771;Apes;Apes;1;0;10;0;10;10;pre;suf;image;1;1;155
772;Funerals;Funerals;1;0;10;0;10;10;pre;suf;image;1;1;155
773;Motorcycles;Motorcycles;1;0;10;0;10;10;pre;suf;image;1;1;155
774;Telephone;Telephone;1;0;10;0;10;10;pre;suf;image;1;1;155
775;Cats;Cats;1;0;10;0;10;10;pre;suf;image;1;1;156
776;Computer science;Computer science;1;0;10;0;10;10;pre;suf;image;1;1;156
777;Addiction and substance abuse;Addiction and substance abuse;1;0;10;0;10;10;pre;suf;image;1;1;156
778;Ecology;Ecology;1;0;10;0;10;10;pre;suf;image;1;1;156
779;Social care and social services;Social care and social services;1;0;10;0;10;10;pre;suf;image;1;1;156
780;Spiritual;Spiritual;1;0;10;0;10;10;pre;suf;image;1;1;157
781;Responsiveness;Responsiveness;1;0;10;0;10;10;pre;suf;image;1;1;157
782;Seesaws;Seesaws;1;0;10;0;10;10;pre;suf;image;1;1;157
783;Teaching and learning;Teaching and learning;1;0;10;0;10;10;pre;suf;image;1;1;157
784;Memory;Memory;1;0;10;0;10;10;pre;suf;image;1;1;157
785;Shipping;Shipping;1;0;10;0;10;10;pre;suf;image;1;1;158
786;Justice;Justice;1;0;10;0;10;10;pre;suf;image;1;1;158
787;Nurses;Nurses;1;0;10;0;10;10;pre;suf;image;1;1;158
788;Newspapers;Newspapers;1;0;10;0;10;10;pre;suf;image;1;1;158
789;Opera;Opera;1;0;10;0;10;10;pre;suf;image;1;1;158
790;Vehicles;Vehicles;1;0;10;0;10;10;pre;suf;image;1;1;159
791;Boats;Boats;1;0;10;0;10;10;pre;suf;image;1;1;159
792;Big science';Big science';1;0;10;0;10;10;pre;suf;image;1;1;159
793;Bananas;Bananas;1;0;10;0;10;10;pre;suf;image;1;1;159
794;Songs;Songs;1;0;10;0;10;10;pre;suf;image;1;1;159
795;Pigeons;Pigeons;1;0;10;0;10;10;pre;suf;image;1;1;160
796;Bakeries;Bakeries;1;0;10;0;10;10;pre;suf;image;1;1;160
797;Big science;Big science;1;0;10;0;10;10;pre;suf;image;1;1;160
798;Foxes;Foxes;1;0;10;0;10;10;pre;suf;image;1;1;160
799;Learning disabilities/difficulties;Learning disabilities/difficulties;1;0;10;0;10;10;pre;suf;image;1;1;160
800;Toads;Toads;1;0;10;0;10;10;pre;suf;image;1;1;161
801;Movie Theaters;Movie Theaters;1;0;10;0;10;10;pre;suf;image;1;1;161
802;Spas;Spas;1;0;10;0;10;10;pre;suf;image;1;1;161
803;Typewriter;Typewriter;1;0;10;0;10;10;pre;suf;image;1;1;161
804;Pediatrics;Pediatrics;1;0;10;0;10;10;pre;suf;image;1;1;161
805;Fishing;Fishing;1;0;10;0;10;10;pre;suf;image;1;1;162
806;Independent practitioners;Independent practitioners;1;0;10;0;10;10;pre;suf;image;1;1;162
807;Pineapple;Pineapple;1;0;10;0;10;10;pre;suf;image;1;1;162
808;Medieval history (middle ages);Medieval history (middle ages);1;0;10;0;10;10;pre;suf;image;1;1;162
809;Africa;Africa;1;0;10;0;10;10;pre;suf;image;1;1;162
810;Transpersonal;Transpersonal;1;0;10;0;10;10;pre;suf;image;1;1;163
811;Olympic Games;Olympic Games;1;0;10;0;10;10;pre;suf;image;1;1;163
812;Radiology;Radiology;1;0;10;0;10;10;pre;suf;image;1;1;163
813;Technology and cyberpsychology;Technology and cyberpsychology;1;0;10;0;10;10;pre;suf;image;1;1;163
814;Bullying and violence;Bullying and violence;1;0;10;0;10;10;pre;suf;image;1;1;163
815;Rabbits;Rabbits;1;0;10;0;10;10;pre;suf;image;1;1;164
816;Sports and exercise psychology;Sports and exercise psychology;1;0;10;0;10;10;pre;suf;image;1;1;164
817;Cemetery;Cemetery;1;0;10;0;10;10;pre;suf;image;1;1;164
818;Whales;Whales;1;0;10;0;10;10;pre;suf;image;1;1;164
819;Weaving;Weaving;1;0;10;0;10;10;pre;suf;image;1;1;164
820;Logic;Logic;1;0;10;0;10;10;pre;suf;image;1;1;165
821;Whales;Whales;1;0;10;0;10;10;pre;suf;image;1;1;165
822;Dance;Dance;1;0;10;0;10;10;pre;suf;image;1;1;165
823;Pediatrics;Pediatrics;1;0;10;0;10;10;pre;suf;image;1;1;165
824;Vegetables;Vegetables;1;0;10;0;10;10;pre;suf;image;1;1;165
825;Mining;Mining;1;0;10;0;10;10;pre;suf;image;1;1;166
826;Clowns;Clowns;1;0;10;0;10;10;pre;suf;image;1;1;166
827;Matches;Matches;1;0;10;0;10;10;pre;suf;image;1;1;166
828;Buffaloes;Buffaloes;1;0;10;0;10;10;pre;suf;image;1;1;166
829;Society;Society;1;0;10;0;10;10;pre;suf;image;1;1;166
830;Agriculture;Agriculture;1;0;10;0;10;10;pre;suf;image;1;1;167
831;Functional music;Functional music;1;0;10;0;10;10;pre;suf;image;1;1;167
832;Fiction;Fiction;1;0;10;0;10;10;pre;suf;image;1;1;167
833;Public affairs;Public affairs;1;0;10;0;10;10;pre;suf;image;1;1;167
834;Paper Boys;Paper Boys;1;0;10;0;10;10;pre;suf;image;1;1;167
835;Artificial intelligence;Artificial intelligence;1;0;10;0;10;10;pre;suf;image;1;1;168
836;Biology;Biology;1;0;10;0;10;10;pre;suf;image;1;1;168
837;Native Americans;Native Americans;1;0;10;0;10;10;pre;suf;image;1;1;168
838;Biology;Biology;1;0;10;0;10;10;pre;suf;image;1;1;168
839;Blacksmiths;Blacksmiths;1;0;10;0;10;10;pre;suf;image;1;1;168
840;History;History;1;0;10;0;10;10;pre;suf;image;1;1;169
841;Developmental psychology;Developmental psychology;1;0;10;0;10;10;pre;suf;image;1;1;169
842;Guided imagery and music (gim);Guided imagery and music (gim);1;0;10;0;10;10;pre;suf;image;1;1;169
843;Veterinarians;Veterinarians;1;0;10;0;10;10;pre;suf;image;1;1;169
844;Neuropsychology;Neuropsychology;1;0;10;0;10;10;pre;suf;image;1;1;169
845;Psychodynamic;Psychodynamic;1;0;10;0;10;10;pre;suf;image;1;1;170
846;Diving;Diving;1;0;10;0;10;10;pre;suf;image;1;1;170
847;Horses;Horses;1;0;10;0;10;10;pre;suf;image;1;1;170
848;Spas;Spas;1;0;10;0;10;10;pre;suf;image;1;1;170
849;Telephone;Telephone;1;0;10;0;10;10;pre;suf;image;1;1;170
850;Resources;Resources;1;0;10;0;10;10;pre;suf;image;1;1;171
851;Library and information science;Library and information science;1;0;10;0;10;10;pre;suf;image;1;1;171
852;Autism;Autism;1;0;10;0;10;10;pre;suf;image;1;1;171
853;Horses;Horses;1;0;10;0;10;10;pre;suf;image;1;1;171
854;Spas;Spas;1;0;10;0;10;10;pre;suf;image;1;1;171
855;Telephone;Telephone;1;0;10;0;10;10;pre;suf;image;1;1;172
856;Resources;Resources;1;0;10;0;10;10;pre;suf;image;1;1;172
857;Library and information science;Library and information science;1;0;10;0;10;10;pre;suf;image;1;1;172
858;Autism;Autism;1;0;10;0;10;10;pre;suf;image;1;1;172
859;Pottery;Pottery;1;0;10;0;10;10;pre;suf;image;1;1;172
860;Pilots;Pilots;1;0;10;0;10;10;pre;suf;image;1;1;173
861;Pineapple;Pineapple;1;0;10;0;10;10;pre;suf;image;1;1;173
862;Responsiveness;Responsiveness;1;0;10;0;10;10;pre;suf;image;1;1;173
863;Dolphins;Dolphins;1;0;10;0;10;10;pre;suf;image;1;1;173
864;Turtles;Turtles;1;0;10;0;10;10;pre;suf;image;1;1;173
865;Medicine;Medicine;1;0;10;0;10;10;pre;suf;image;1;1;174
866;Rhinoceros;Rhinoceros;1;0;10;0;10;10;pre;suf;image;1;1;174
867;Submarines;Submarines;1;0;10;0;10;10;pre;suf;image;1;1;174
868;Carpentry;Carpentry;1;0;10;0;10;10;pre;suf;image;1;1;174
869;Central America;Central America;1;0;10;0;10;10;pre;suf;image;1;1;174
870;Government and politics;Government and politics;1;0;10;0;10;10;pre;suf;image;1;1;175
871;Guitar;Guitar;1;0;10;0;10;10;pre;suf;image;1;1;175
872;Music psychotherapy;Music psychotherapy;1;0;10;0;10;10;pre;suf;image;1;1;175
873;Pigeons;Pigeons;1;0;10;0;10;10;pre;suf;image;1;1;175
874;Careers;Careers;1;0;10;0;10;10;pre;suf;image;1;1;175
875;Communism;Communism;1;0;10;0;10;10;pre;suf;image;1;1;176
876;Marionettes;Marionettes;1;0;10;0;10;10;pre;suf;image;1;1;176
877;Hippopotamus;Hippopotamus;1;0;10;0;10;10;pre;suf;image;1;1;176
878;Abuse;Abuse;1;0;10;0;10;10;pre;suf;image;1;1;176
879;Pineapple;Pineapple;1;0;10;0;10;10;pre;suf;image;1;1;176
880;Motherhood;Motherhood;1;0;10;0;10;10;pre;suf;image;1;1;177
881;Ostriches;Ostriches;1;0;10;0;10;10;pre;suf;image;1;1;177
882;History and philosophy of psychology;History and philosophy of psychology;1;0;10;0;10;10;pre;suf;image;1;1;177
883;Hippopotamus;Hippopotamus;1;0;10;0;10;10;pre;suf;image;1;1;177
884;Abuse;Abuse;1;0;10;0;10;10;pre;suf;image;1;1;177
885;Pineapple;Pineapple;1;0;10;0;10;10;pre;suf;image;1;1;178
886;Motherhood;Motherhood;1;0;10;0;10;10;pre;suf;image;1;1;178
887;Ostriches;Ostriches;1;0;10;0;10;10;pre;suf;image;1;1;178
888;History and philosophy of psychology;History and philosophy of psychology;1;0;10;0;10;10;pre;suf;image;1;1;178
889;Gorillas;Gorillas;1;0;10;0;10;10;pre;suf;image;1;1;178
890;Cards;Cards;1;0;10;0;10;10;pre;suf;image;1;1;179
891;Diving;Diving;1;0;10;0;10;10;pre;suf;image;1;1;179
892;Football;Football;1;0;10;0;10;10;pre;suf;image;1;1;179
893;Pork;Pork;1;0;10;0;10;10;pre;suf;image;1;1;179
894;Software engineering;Software engineering;1;0;10;0;10;10;pre;suf;image;1;1;179
895;Abuse survivors;Abuse survivors;1;0;10;0;10;10;pre;suf;image;1;1;180
896;Cotton;Cotton;1;0;10;0;10;10;pre;suf;image;1;1;180
897;Pharmacy;Pharmacy;1;0;10;0;10;10;pre;suf;image;1;1;180
898;Learning disabilities/difficulties;Learning disabilities/difficulties;1;0;10;0;10;10;pre;suf;image;1;1;180
899;Sailing;Sailing;1;0;10;0;10;10;pre;suf;image;1;1;180
900;Social psychology;Social psychology;1;0;10;0;10;10;pre;suf;image;1;1;181
901;Memory;Memory;1;0;10;0;10;10;pre;suf;image;1;1;181
902;Fortune Tellers;Fortune Tellers;1;0;10;0;10;10;pre;suf;image;1;1;181
903;Chemistry;Chemistry;1;0;10;0;10;10;pre;suf;image;1;1;181
904;Crafts;Crafts;1;0;10;0;10;10;pre;suf;image;1;1;181
905;Personality disorders;Personality disorders;1;0;10;0;10;10;pre;suf;image;1;1;182
906;Agriculture;Agriculture;1;0;10;0;10;10;pre;suf;image;1;1;182
907;Social psychology;Social psychology;1;0;10;0;10;10;pre;suf;image;1;1;182
908;Journalism;Journalism;1;0;10;0;10;10;pre;suf;image;1;1;182
909;Caves;Caves;1;0;10;0;10;10;pre;suf;image;1;1;182
910;Pediatrics;Pediatrics;1;0;10;0;10;10;pre;suf;image;1;1;183
911;Children and family;Children and family;1;0;10;0;10;10;pre;suf;image;1;1;183
912;Exercise;Exercise;1;0;10;0;10;10;pre;suf;image;1;1;183
913;Psychotherapy;Psychotherapy;1;0;10;0;10;10;pre;suf;image;1;1;183
914;Dogs;Dogs;1;0;10;0;10;10;pre;suf;image;1;1;183
915;North Africa;North Africa;1;0;10;0;10;10;pre;suf;image;1;1;184
916;Archaeology;Archaeology;1;0;10;0;10;10;pre;suf;image;1;1;184
917;Spinning;Spinning;1;0;10;0;10;10;pre;suf;image;1;1;184
918;Diving;Diving;1;0;10;0;10;10;pre;suf;image;1;1;184
919;Botany;Botany;1;0;10;0;10;10;pre;suf;image;1;1;184
920;Telephone;Telephone;1;0;10;0;10;10;pre;suf;image;1;1;185
921;Classical antiquity;Classical antiquity;1;0;10;0;10;10;pre;suf;image;1;1;185
922;Abuse survivors;Abuse survivors;1;0;10;0;10;10;pre;suf;image;1;1;185
923;Whales;Whales;1;0;10;0;10;10;pre;suf;image;1;1;185
924;Paper Boys;Paper Boys;1;0;10;0;10;10;pre;suf;image;1;1;185
925;Classical antiquity;Classical antiquity;1;0;10;0;10;10;pre;suf;image;1;1;186
926;Vehicles;Vehicles;1;0;10;0;10;10;pre;suf;image;1;1;186
927;Canoes;Canoes;1;0;10;0;10;10;pre;suf;image;1;1;186
928;Nutrition;Nutrition;1;0;10;0;10;10;pre;suf;image;1;1;186
929;Crafts;Crafts;1;0;10;0;10;10;pre;suf;image;1;1;186
930;Artists;Artists;1;0;10;0;10;10;pre;suf;image;1;1;187
931;Sugar;Sugar;1;0;10;0;10;10;pre;suf;image;1;1;187
932;Transpersonal psychology;Transpersonal psychology;1;0;10;0;10;10;pre;suf;image;1;1;187
933;Criminals;Criminals;1;0;10;0;10;10;pre;suf;image;1;1;187
934;Vehicles;Vehicles;1;0;10;0;10;10;pre;suf;image;1;1;187
935;Nordoff-robbins music therapy;Nordoff-robbins music therapy;1;0;10;0;10;10;pre;suf;image;1;1;188
936;Central America;Central America;1;0;10;0;10;10;pre;suf;image;1;1;188
937;Oil;Oil;1;0;10;0;10;10;pre;suf;image;1;1;188
938;Criminal justice;Criminal justice;1;0;10;0;10;10;pre;suf;image;1;1;188
939;Psychiatric;Psychiatric;1;0;10;0;10;10;pre;suf;image;1;1;188
940;Robotics;Robotics;1;0;10;0;10;10;pre;suf;image;1;1;189
941;Careers;Careers;1;0;10;0;10;10;pre;suf;image;1;1;189
942;Zebras;Zebras;1;0;10;0;10;10;pre;suf;image;1;1;189
943;Pork;Pork;1;0;10;0;10;10;pre;suf;image;1;1;189
944;Skating;Skating;1;0;10;0;10;10;pre;suf;image;1;1;189
945;Death;Death;1;0;10;0;10;10;pre;suf;image;1;1;190
946;Gypsies;Gypsies;1;0;10;0;10;10;pre;suf;image;1;1;190
947;Native Americans;Native Americans;1;0;10;0;10;10;pre;suf;image;1;1;190
948;Asia;Asia;1;0;10;0;10;10;pre;suf;image;1;1;190
949;Diamond;Diamond;1;0;10;0;10;10;pre;suf;image;1;1;190
950;Artificial intelligence;Artificial intelligence;1;0;10;0;10;10;pre;suf;image;1;1;191
951;Medicine;Medicine;1;0;10;0;10;10;pre;suf;image;1;1;191
952;Technology and cyberpsychology;Technology and cyberpsychology;1;0;10;0;10;10;pre;suf;image;1;1;191
953;Bats;Bats;1;0;10;0;10;10;pre;suf;image;1;1;191
954;Athletics;Athletics;1;0;10;0;10;10;pre;suf;image;1;1;191
955;Tigers;Tigers;1;0;10;0;10;10;pre;suf;image;1;1;192
956;Cactus;Cactus;1;0;10;0;10;10;pre;suf;image;1;1;192
957;Hockey;Hockey;1;0;10;0;10;10;pre;suf;image;1;1;192
958;Red Cross;Red Cross;1;0;10;0;10;10;pre;suf;image;1;1;192
959;Smoking;Smoking;1;0;10;0;10;10;pre;suf;image;1;1;192
960;Sharks;Sharks;1;0;10;0;10;10;pre;suf;image;1;1;193
961;Native Americans;Native Americans;1;0;10;0;10;10;pre;suf;image;1;1;193
962;Radio;Radio;1;0;10;0;10;10;pre;suf;image;1;1;193
963;Earth sciences;Earth sciences;1;0;10;0;10;10;pre;suf;image;1;1;193
964;Gypsies;Gypsies;1;0;10;0;10;10;pre;suf;image;1;1;193
965;Hippopotamus;Hippopotamus;1;0;10;0;10;10;pre;suf;image;1;1;194
966;Amusement Parks;Amusement Parks;1;0;10;0;10;10;pre;suf;image;1;1;194
967;Carpentry;Carpentry;1;0;10;0;10;10;pre;suf;image;1;1;194
968;Multicultural;Multicultural;1;0;10;0;10;10;pre;suf;image;1;1;194
969;Analytical music therapy;Analytical music therapy;1;0;10;0;10;10;pre;suf;image;1;1;194
970;Murderers;Murderers;1;0;10;0;10;10;pre;suf;image;1;1;195
971;Breweries;Breweries;1;0;10;0;10;10;pre;suf;image;1;1;195
972;Canoes;Canoes;1;0;10;0;10;10;pre;suf;image;1;1;195
973;Mental health;Mental health;1;0;10;0;10;10;pre;suf;image;1;1;195
974;Motorcycles;Motorcycles;1;0;10;0;10;10;pre;suf;image;1;1;195
975;Astronomy;Astronomy;1;0;10;0;10;10;pre;suf;image;1;1;196
976;Insects;Insects;1;0;10;0;10;10;pre;suf;image;1;1;196
977;Visual arts;Visual arts;1;0;10;0;10;10;pre;suf;image;1;1;196
978;Post Office;Post Office;1;0;10;0;10;10;pre;suf;image;1;1;196
979;Monkeys;Monkeys;1;0;10;0;10;10;pre;suf;image;1;1;196
980;Jewelry;Jewelry;1;0;10;0;10;10;pre;suf;image;1;1;197
981;Psychobiology;Psychobiology;1;0;10;0;10;10;pre;suf;image;1;1;197
982;Abuse;Abuse;1;0;10;0;10;10;pre;suf;image;1;1;197
983;Banana;Banana;1;0;10;0;10;10;pre;suf;image;1;1;197
984;Wrestling;Wrestling;1;0;10;0;10;10;pre;suf;image;1;1;197
985;Movie Theaters;Movie Theaters;1;0;10;0;10;10;pre;suf;image;1;1;198
986;Cheese;Cheese;1;0;10;0;10;10;pre;suf;image;1;1;198
987;Railroads;Railroads;1;0;10;0;10;10;pre;suf;image;1;1;198
988;Humanism;Humanism;1;0;10;0;10;10;pre;suf;image;1;1;198
989;Funerals;Funerals;1;0;10;0;10;10;pre;suf;image;1;1;198
990;Laundry;Laundry;1;0;10;0;10;10;pre;suf;image;1;1;199
991;Feminism;Feminism;1;0;10;0;10;10;pre;suf;image;1;1;199
992;Diamond;Diamond;1;0;10;0;10;10;pre;suf;image;1;1;199
993;Oil;Oil;1;0;10;0;10;10;pre;suf;image;1;1;199
994;Cigarettes;Cigarettes;1;0;10;0;10;10;pre;suf;image;1;1;199
995;Europe;Europe;1;0;10;0;10;10;pre;suf;image;1;1;200
996;Developmental problems;Developmental problems;1;0;10;0;10;10;pre;suf;image;1;1;200
997;Donkeys;Donkeys;1;0;10;0;10;10;pre;suf;image;1;1;200
998;Shoes;Shoes;1;0;10;0;10;10;pre;suf;image;1;1;200
999;Europe;Europe;1;0;10;0;10;10;pre;suf;image;1;1;200
1000;Big science;Big science;1;0;10;0;10;10;pre;suf;image;1;1;200
