LizBulk;LizBulk
QdotB Web Tools;QdotB Web Tools
Cnn Insights;Cnn Insights
Vegas News 24;Vegas News 24
Research HCI;Research HCI
Able Health Records;Able Health Records
A Thousand Looms;A Thousand Looms
Q4 News24;Q4 News24
Critello;Critello
Trimps & Twigs;Trimps & Twigs
Randi Data;Randi Data
Survey and Data;Survey and Data
We Rate Our Data;We Rate Our Data
Grupo Revolucionaria;Grupo Revolucionaria
Zoomin Clues;Zoomin Clues
We Source Our Juice;We Source Our Juice
Lunamet Graphics Pty;Lunamet Graphics Pty
Go! You Money Guru;Go! You Money Guru
Datapoints Finder;Datapoints Finder
Fluffy the Flower;Fluffy the Flower
Vizualious;Vizualious
BAMF Tempe Data Bank;BAMF Tempe Data Bank
QuadCityResearch;QuadCityResearch
Totally Tailed;Totally Tailed
Virtusson;Virtusson
Clarence K. Paddyny;Clarence K. Paddyny
Go Data Doctors;Go Data Doctors
Truly Big Data;Truly Big Data
Scribbly the Scuba;Scribbly the Scuba
Dunn C & L N;Dunn C & L N
Stride n Snooze;Stride n Snooze
The Internet Key;The Internet Key
Honest-1 Data Corp;Honest-1 Data Corp
Data Science Logs;Data Science Logs
Logic2Learn;Logic2Learn
Downtown Dataminr;Downtown Dataminr
Uruknet Systems;Uruknet Systems
Xcel Data Science;Xcel Data Science
Shrinkwrap Labs;Shrinkwrap Labs
A.A.D.M.S. Research;A.A.D.M.S. Research
Nimbin Media;Nimbin Media
Saving Fireflies;Saving Fireflies
Stash Me Not;Stash Me Not
The Data Snob;The Data Snob
Rapid Hit Data;Rapid Hit Data
Las Vegas Coding;Las Vegas Coding
Acme Data Solutions;Acme Data Solutions
Brunetec;Brunetec
BakkiKokai;BakkiKokai
Watmote.com;Watmote.com
