Kaneco Holdings Co.;Kaneco Holdings Co.;1
A Bit of Information;A Bit of Information;1
Statamare;Statamare;1
Citizen Crib;Citizen Crib;1
Tradition of Kings;Tradition of Kings;1
Intriguing Data;Intriguing Data;1
Noodoodletown;Noodoodletown;1
FxKap;FxKap;1
WizCrap;WizCrap;1
Hodges & Forbes;Hodges & Forbes;1
Nomads Snack Shack;Nomads Snack Shack;2
Qbio Tech Services;Qbio Tech Services;2
Data-Proof.ca;Data-Proof.ca;2
LovinLives;LovinLives;2
Refinery Progress;Refinery Progress;2
Sydney Library;Sydney Library;2
InStrategic Insight;InStrategic Insight;2
Searache Co.;Searache Co.;2
Xero Xtreme Printing;Xero Xtreme Printing;2
Zoyo Datamining;Zoyo Datamining;2
Stacked Snooze;Stacked Snooze;3
Avas Bodywork;Avas Bodywork;3
Crowdlives;Crowdlives;3
Acai Berry Buzz;Acai Berry Buzz;3
Harmony Intelligence;Harmony Intelligence;3
Influence by Nature;Influence by Nature;3
Zariah Law Group;Zariah Law Group;3
Dollies and Books;Dollies and Books;3
Envince Research;Envince Research;3
A Better Life Source;A Better Life Source;3
Insight Data Bank;Insight Data Bank;4
Scribdigix;Scribdigix;4
Shoot-A-Key;Shoot-A-Key;4
Nuts Berries & More;Nuts Berries & More;4
B. E. Scrivens;B. E. Scrivens;4
Blokelytics;Blokelytics;4
Icy Hotz;Icy Hotz;4
Mighty Notch;Mighty Notch;4
Nostalgia For One;Nostalgia For One;4
AJS Data;AJS Data;4
Quinn Poll;Quinn Poll;5
Pasteas Global;Pasteas Global;5
All Stedicated;All Stedicated;5
Genetic Speight;Genetic Speight;5
Solutions2Money;Solutions2Money;5
The Social CMD;The Social CMD;5
Scrubs It Up;Scrubs It Up;5
Tc Adn;Tc Adn;5
Tonic Research;Tonic Research;5
Fotoola;Fotoola;5
Truline Labs;Truline Labs;6
Applied Science Data;Applied Science Data;6
Lift Log Book;Lift Log Book;6
Intentional Source;Intentional Source;6
Wrap It Up Datum;Wrap It Up Datum;6
Empire NewsNet;Empire NewsNet;6
Ynys Cs;Ynys Cs;6
Gimme Your Slots;Gimme Your Slots;6
SmartShots.com;SmartShots.com;6
Datapoints Direct;Datapoints Direct;6
Brimmers Bizarre;Brimmers Bizarre;7
The Grammar Store;The Grammar Store;7
Pixels of Lead;Pixels of Lead;7
Toby Keith Services;Toby Keith Services;7
Sourced Data Systems;Sourced Data Systems;7
Emser Research;Emser Research;7
Truvilla Analytics;Truvilla Analytics;7
Business Source Data;Business Source Data;7
Qn3Media;Qn3Media;7
Go Data Source;Go Data Source;7
Qcumilat;Qcumilat;8
Acadia Biometrics;Acadia Biometrics;8
Business with Ewe;Business with Ewe;8
GetUp and StayUp;GetUp and StayUp;8
Brainstorm Vantage;Brainstorm Vantage;8
Alquator Finance;Alquator Finance;8
K9HQ.com;K9HQ.com;8
CSN Analytics;CSN Analytics;8
Dangerous Disposals;Dangerous Disposals;8
Get Data Journalism;Get Data Journalism;8
H2H Finds;H2H Finds;9
Stampede Reporting;Stampede Reporting;9
The Datum Collective;The Datum Collective;9
Lit-Up Stix;Lit-Up Stix;9
R-Genius Data;R-Genius Data;9
Boulder Data Sources;Boulder Data Sources;9
Curatek Data;Curatek Data;9
Data Source IQ;Data Source IQ;9
Anhui Gaochen;Anhui Gaochen;9
Ekkpopov;Ekkpopov;9
Budwigs DPM;Budwigs DPM;10
Jareds SEO;Jareds SEO;10
Tailored Reprisals;Tailored Reprisals;10
Bry Lintz;Bry Lintz;10
Just Scams;Just Scams;10
Aamco Watson;Aamco Watson;10
Newscaster Solutions;Newscaster Solutions;10
Xpointes;Xpointes;10
Rent a Slicer;Rent a Slicer;10
GoToMeanData;GoToMeanData;10
Kubilka;Kubilka;11
A+ Business Insight;A+ Business Insight;11
Fiction Jungle;Fiction Jungle;11
Rikkys Jerk;Rikkys Jerk;11
Familar Source;Familar Source;11
Dalekin Media;Dalekin Media;11
Yens Nf;Yens Nf;11
Aussie Tech Data;Aussie Tech Data;11
Sinkle Monkey;Sinkle Monkey;11
The Linguery;The Linguery;11
Accon Therapes;Accon Therapes;12
StratLogic Data;StratLogic Data;12
Voltage Research;Voltage Research;12
Intentional Scrap;Intentional Scrap;12
Data Sources Direct;Data Sources Direct;12
Quit Chatbots;Quit Chatbots;12
Cheshire Hathaway;Cheshire Hathaway;12
Quimicen;Quimicen;12
Stahlle & Stahl;Stahlle & Stahl;12
Intentional Curves;Intentional Curves;12
The Canned Bear;The Canned Bear;13
My Little Blackboard;My Little Blackboard;13
Find Scenarios;Find Scenarios;13
Genesee Data;Genesee Data;13
Academic Index Data;Academic Index Data;13
Luckys Pottery;Luckys Pottery;13
Acorns Pages;Acorns Pages;13
Insight Data Library;Insight Data Library;13
Abuzz Analytics;Abuzz Analytics;13
Data Crunchy;Data Crunchy;13
Ease One Resources;Ease One Resources;14
Lap Dog Research;Lap Dog Research;14
Stapit Bay;Stapit Bay;14
Scrunchies By Jo;Scrunchies By Jo;14
UCSD Media;UCSD Media;14
Proximus Research;Proximus Research;14
Foam Research;Foam Research;14
Aurora Bakers;Aurora Bakers;14
AIM Data Solutions;AIM Data Solutions;14
Evaluate Routine;Evaluate Routine;14
Macleay Science;Macleay Science;15
Lovingly Indulge;Lovingly Indulge;15
Hemag Arch;Hemag Arch;15
Lovingly Infused;Lovingly Infused;15
Rapidly sourced;Rapidly sourced;15
AJV Data Solutions.;AJV Data Solutions.;15
Plotted In;Plotted In;15
Bigger Picture Data;Bigger Picture Data;15
GeniCurious;GeniCurious;15
R2U Labs;R2U Labs;15
OneQuark Solutions;OneQuark Solutions;16
Piece Upon Piece;Piece Upon Piece;16
Data Sources Q;Data Sources Q;16
Routes & Data;Routes & Data;16
The Batch Game;The Batch Game;16
Flock n Fizz;Flock n Fizz;16
Sourcing Innovations;Sourcing Innovations;16
Forked Fig;Forked Fig;16
Kelley Clark PhD;Kelley Clark PhD;16
Ill Wank;Ill Wank;16
Wyrde Marketing;Wyrde Marketing;17
Cleveland Cleats;Cleveland Cleats;17
A/Profiled;A/Profiled;17
Honest-1 Source;Honest-1 Source;17
The Source Yard;The Source Yard;17
Xpert Gives;Xpert Gives;17
Envie Credit Repair;Envie Credit Repair;17
Data by Tanya;Data by Tanya;17
Happiness Knows;Happiness Knows;17
Lloyds Bankers;Lloyds Bankers;17
Noosa Mining Co;Noosa Mining Co;18
Smoookt;Smoookt;18
Bing and Cai-Zhang;Bing and Cai-Zhang;18
Ignotam;Ignotam;18
Envy Library;Envy Library;18
I Just Dump Dat;I Just Dump Dat;18
CSIRO Entree;CSIRO Entree;18
Good Eaves;Good Eaves;18
Punktive;Punktive;18
AllAboutMe.com;AllAboutMe.com;18
Bodie Genomics;Bodie Genomics;19
A.A.A.Budgie;A.A.A.Budgie;19
Rudys Rental;Rudys Rental;19
Lice On the Go;Lice On the Go;19
Hakim Data;Hakim Data;19
DataSourceLoan;DataSourceLoan;19
Likr Labs;Likr Labs;19
Ancix Logic;Ancix Logic;19
Unstoppable Images;Unstoppable Images;19
Khans Data;Khans Data;19
We Market My Booze;We Market My Booze;20
Data Source America;Data Source America;20
Stork Resource;Stork Resource;20
Wireditude;Wireditude;20
A-Z Data Mining;A-Z Data Mining;20
Adornx Data;Adornx Data;20
Facts N More;Facts N More;20
Doodyfied;Doodyfied;20
Diana Crowsfoot;Diana Crowsfoot;20
Data-Dependable;Data-Dependable;20
