Programming;Programming
Psychodrama;Psychodrama
Soccer;Soccer
Gold;Gold
Bakeries;Bakeries
Caves;Caves
Forensic psychology;Forensic psychology
Cooking;Cooking
Mathematical statistical and computing;Mathematical statistical and computing
Emotional intelligence;Emotional intelligence
Cats;Cats
Goats;Goats
Typewriter;Typewriter
Monkeys;Monkeys
Gymnastics;Gymnastics
Chess;Chess
Algebra;Algebra
Hobbies;Hobbies
Developmental disabilities;Developmental disabilities
Botany;Botany
Foxes;Foxes
End of life;End of life
Laundry;Laundry
Spiritual;Spiritual
Pipe Organs;Pipe Organs
Crocodiles;Crocodiles
Neuropsychology;Neuropsychology
Ecology;Ecology
Philosophy;Philosophy
Cricket;Cricket
Social psychology;Social psychology
Bohemians;Bohemians
Programming;Programming
Community music therapy;Community music therapy
Machines;Machines
Earth sciences;Earth sciences
Rabbits;Rabbits
People and self;People and self
Barbers;Barbers
Rugby;Rugby
Autobiography;Autobiography
Ecology;Ecology
Fencing;Fencing
Magicians;Magicians
X-Rays;X-Rays
Infancy and early childhood;Infancy and early childhood
Logic;Logic
Cotton;Cotton
Fencing;Fencing
Magicians;Magicians
X-Rays;X-Rays
Infancy and early childhood;Infancy and early childhood
Logic;Logic
Cotton;Cotton
Software engineering;Software engineering
Oil;Oil
Cards;Cards
Boxing;Boxing
Coffee;Coffee
Developmental psychology;Developmental psychology
Coal;Coal
Cricket;Cricket
Seashells;Seashells
Bats;Bats
End of life;End of life
Library and information science;Library and information science
Guitar;Guitar
Milk;Milk
Mountaineering;Mountaineering
Banking;Banking
Elephants;Elephants
Spiritual;Spiritual
Bears;Bears
Africa;Africa
Robotics;Robotics
Neuropsychology;Neuropsychology
Personality disorders;Personality disorders
Group psychology;Group psychology
The society;The society
Baseball;Baseball
Vehicles;Vehicles
Shovels;Shovels
Cards;Cards
Visual arts;Visual arts
Profound mental retardation;Profound mental retardation
Mood disorders;Mood disorders
Potatoes;Potatoes
Giants;Giants
World War 1;World War 1
Society;Society
Pork;Pork
Puppets;Puppets
Critical theory;Critical theory
Law;Law
Ferry Boats;Ferry Boats
Salvation Army;Salvation Army
Paper Boys;Paper Boys
Composition;Composition
Group work;Group work
Boy Scouts;Boy Scouts
Algebra;Algebra
Government and politics;Government and politics
Milk;Milk
Wood;Wood
Pharmacy;Pharmacy
Rice;Rice
Athletics;Athletics
Parachuting;Parachuting
Politics;Politics
Feminism;Feminism
Lions;Lions
Dentistry;Dentistry
Palliative;Palliative
Music therapists;Music therapists
Cows;Cows
Cobblers;Cobblers
Geometry;Geometry
Criminal justice;Criminal justice
Military;Military
Hammocks;Hammocks
Windmills;Windmills
Functional music;Functional music
Lighthouses;Lighthouses
Paper Boys;Paper Boys
Rabbits;Rabbits
Responsiveness;Responsiveness
Memory;Memory
Balloons;Balloons
Countertransference;Countertransference
Journalism;Journalism
World War 1;World War 1
Schizophrenia and other psychoses;Schizophrenia and other psychoses
Law and crime;Law and crime
Socialism;Socialism
Frogs;Frogs
Poetry;Poetry
Practicum;Practicum
Coal;Coal
Technology and cyberpsychology;Technology and cyberpsychology
Countertransference;Countertransference
Sharks;Sharks
Emotional intelligence;Emotional intelligence
Spas;Spas
Pigeons;Pigeons
Health psychology;Health psychology
Philosophy;Philosophy
Buddhism;Buddhism
Film;Film
Foxes;Foxes
Transpersonal;Transpersonal
Community;Community
Music;Music
Foxes;Foxes
Railroads;Railroads
Drugstores;Drugstores
Motherhood;Motherhood
Buddhism;Buddhism
Motorcycles;Motorcycles
Social psychology;Social psychology
Railroads;Railroads
Basketball;Basketball
Mental health;Mental health
Camels;Camels
Monkeys;Monkeys
Sharks;Sharks
Canoes;Canoes
Pigs;Pigs
Gymnastics;Gymnastics
Natural sciences and nature;Natural sciences and nature
Windmills;Windmills
End of life;End of life
Blacksmiths;Blacksmiths
Seashells;Seashells
Goats;Goats
Bereavement (grief and loss);Bereavement (grief and loss)
Bullying and violence;Bullying and violence
Algebra;Algebra
Energy development;Energy development
Agriculture;Agriculture
Post Office;Post Office
Amusement Parks;Amusement Parks
Psychobiology;Psychobiology
Sailing;Sailing
Slavery;Slavery
Hammocks;Hammocks
Fencing;Fencing
Americans;Americans
Canoes;Canoes
Community;Community
Biochemistry;Biochemistry
Cotton;Cotton
Vanilla;Vanilla
Critical theory;Critical theory
Motherhood;Motherhood
Vanilla;Vanilla
Fishing;Fishing
Opera;Opera
Skull;Skull
Weaving;Weaving
Military;Military
Magicians;Magicians
Spirituality;Spirituality
Frogs;Frogs
Independent practitioners;Independent practitioners
Disasters;Disasters
Community music therapy;Community music therapy
Basketball;Basketball
Sewing Machines;Sewing Machines
Social care and social services;Social care and social services
Amusement Parks;Amusement Parks
Hobbies;Hobbies
Agriculture;Agriculture
Philosophy;Philosophy
Flood;Flood
Pharmacy;Pharmacy
Boxing;Boxing
People and self;People and self
Psychodynamic;Psychodynamic
Airports;Airports
Police;Police
Arithmetic;Arithmetic
Foundations;Foundations
Pigeons;Pigeons
Diamond;Diamond
Consciousness and experiential psychology;Consciousness and experiential psychology
Thinking;Thinking
Visual arts;Visual arts
Psychotherapy;Psychotherapy
Public affairs;Public affairs
Culture;Culture
Vegetables;Vegetables
Bereavement (grief and loss);Bereavement (grief and loss)
Voice;Voice
Meteorology;Meteorology
Biology;Biology
Bohemians;Bohemians
Snakes;Snakes
Basketball;Basketball
Learning disabilities/difficulties;Learning disabilities/difficulties
Magicians;Magicians
Mummies;Mummies
Independent practitioners;Independent practitioners
Golf;Golf
Veterinarians;Veterinarians
Vehicles;Vehicles
Classical antiquity;Classical antiquity
Guided imagery and music (gim);Guided imagery and music (gim)
Group psychology;Group psychology
Social psychology;Social psychology
Ethics and practice;Ethics and practice
Tobacco;Tobacco
Improvisational music therapy;Improvisational music therapy
Army;Army
Relationships;Relationships
Nurses;Nurses
Fortune Tellers;Fortune Tellers
Library and information science;Library and information science
Native Americans;Native Americans
Renaissance;Renaissance
Wood;Wood
Bereavement (grief and loss);Bereavement (grief and loss)
Hammocks;Hammocks
Native Americans;Native Americans
Disasters;Disasters
Vegetables;Vegetables
Shoes;Shoes
Foster care;Foster care
Multicultural;Multicultural
Psychiatric;Psychiatric
Snakes;Snakes
Sugar;Sugar
Bananas;Bananas
Billiards;Billiards
Guided imagery and music (gim);Guided imagery and music (gim)
Consumer psychology;Consumer psychology
Volleyball;Volleyball
Developmental problems;Developmental problems
Windmills;Windmills
Literature;Literature
Europe;Europe
Military;Military
Execution;Execution
Bullying and violence;Bullying and violence
Cats;Cats
Motherhood;Motherhood
Music;Music
Cheese;Cheese
Religion;Religion
Bakeries;Bakeries
Asia;Asia
Transhumanism;Transhumanism
Mood disorders;Mood disorders
Neuropsychology;Neuropsychology
Muppets;Muppets
Europe;Europe
Cigarettes;Cigarettes
Transhumanism;Transhumanism
Pigeons;Pigeons
Social sciences;Social sciences
Natural sciences and nature;Natural sciences and nature
Cooking;Cooking
Community music therapy;Community music therapy
Children and family;Children and family
Improvisational music therapy;Improvisational music therapy
Communism;Communism
Psychology;Psychology
Dentistry;Dentistry
Sports and exercise psychology;Sports and exercise psychology
Spinning;Spinning
Library and information science;Library and information science
Pipe Organs;Pipe Organs
Psychodrama;Psychodrama
Pilots;Pilots
Baseball;Baseball
Shipping;Shipping
Bohemians;Bohemians
Billiards;Billiards
Autobiography;Autobiography
Foundations;Foundations
Energy development;Energy development
Psychotherapy;Psychotherapy
Cats;Cats
Ethics and practice;Ethics and practice
Insects;Insects
Social sciences;Social sciences
Napoleon;Napoleon
Motorcycles;Motorcycles
Birds;Birds
Countertransference;Countertransference
Pipes;Pipes
Smoking;Smoking
Biochemistry;Biochemistry
Fieldwork;Fieldwork
Lions;Lions
Pineapple;Pineapple
Buddhism;Buddhism
Telephone;Telephone
X-Rays;X-Rays
Painting;Painting
Personality and behaviour;Personality and behaviour
Sports and exercise psychology;Sports and exercise psychology
Multicultural;Multicultural
Balloons;Balloons
Developmental problems;Developmental problems
Insects;Insects
Group work;Group work
Arts and entertainment;Arts and entertainment
Countertransference;Countertransference
Books;Books
Earthquake;Earthquake
Women;Women
Fishing;Fishing
Tattoos;Tattoos
Social sciences;Social sciences
Transpersonal;Transpersonal
Motorcycles;Motorcycles
Humanism;Humanism
Monkeys;Monkeys
Skull;Skull
Foster care;Foster care
Weaving;Weaving
Occupational psychology;Occupational psychology
Cocoa;Cocoa
Artificial intelligence;Artificial intelligence
Developmental disabilities;Developmental disabilities
Pork;Pork
Renaissance;Renaissance
Mountaineering;Mountaineering
Cocoa;Cocoa
Telephone;Telephone
Community music therapy;Community music therapy
Archaeology;Archaeology
Money;Money
Emotional intelligence;Emotional intelligence
Medicine;Medicine
Mining;Mining
Bakeries;Bakeries
Chemistr;Chemistr
Lions;Lions
Windmills;Windmills
Practicum;Practicum
Swings;Swings
Transpersonal psychology;Transpersonal psychology
Motorcyclesy;Motorcyclesy
Ecology;Ecology
Matches;Matches
Airports;Airports
Race;Race
Trigonometry;Trigonometry
Paper Boys;Paper Boys
Seesaws;Seesaws
Humanism;Humanism
Crocodiles;Crocodiles
Cobblers;Cobblers
Disasters;Disasters
Philosophy;Philosophy
Children and family;Children and family
Frogs;Frogs
Calculus;Calculus
Transpersonal;Transpersonal
Cooking;Cooking
Communi;Communi
Discrete mathematics;Discrete mathematics
Crime;Crime
Wrestling;Wrestling
Veterinarians;Veterinarians
Meteorology;Meteorology
Critical theoryty psychology;Critical theoryty psychology
Computer science;Computer science
Billiards;Billiards
Shells;Shells
Boy Scouts;Boy Scouts
Politics;Politics
Breweries;Breweries
Geometry;Geometry
Cactus;Cactus
Philosophy;Philosophy
Execution;Execution
Hotels;Hotels
Muppets;Muppets
Alligators;Alligators
Medieval history (middle ages);Medieval history (middle ages)
Personality and behaviour;Personality and behaviour
Multiple disabilities;Multiple disabilities
Consumer psychology;Consumer psychology
Hurricanes;Hurricanes
Dementia;Dementia
Paper Boys;Paper Boys
Hobbies;Hobbies
Blacksmiths;Blacksmiths
Circus;Circus
Big science;Big science
Practicum;Practicum
End of life;End of life
Personality and behaviour;Personality and behaviour
Theory;Theory
Health psychology;Health psychology
Calculus;Calculus
Paper Boys;Paper Boys
Americans;Americans
Barbers;Barbers
Sugar;Sugar
Caves;Caves
Fieldwork;Fieldwork
Breweries;Breweries
Earth sciences;Earth sciences
Rhinoceros;Rhinoceros
Artificial intelligence;Artificial intelligence
Swings;Swings
Emotional intelligence;Emotional intelligence
Seashells;Seashells
Discrete mathematics;Discrete mathematics
Careers;Careers
Community psychology;Community psychology
Balloons;Balloons
Spirituality;Spirituality
Disasters;Disasters
Pilots;Pilots
Developmental psychology;Developmental psychology
Railroads;Railroads
Insects;Insects
Cocoa;Cocoa
Developmental problems;Developmental problems
Flood;Flood
Pigs;Pigs
Camels;Camels
Transhumanism;Transhumanism
Careers;Careers
Education;Education
Pipe Organs;Pipe Organs
Pottery;Pottery
Psychodynamic;Psychodynamic
Palliative;Palliative
Communism;Communism
Opera;Opera
Event trauma;Event trauma
Elephants;Elephants
Artificial intelligence;Artificial intelligence
Fencing;Fencing
Thinking;Thinking
Nordoff-robbins music therapy;Nordoff-robbins music therapy
Jewelry;Jewelry
Composition;Composition
Games;Games
Gorillas;Gorillas
Computer science;Computer science
Songs;Songs
Coffee;Coffee
Rabbits;Rabbits
Banking;Banking
Beekeeping;Beekeeping
Native Americans;Native Americans
Mountaineering;Mountaineering
Carousels;Carousels
Analytical music therapy;Analytical music therapy
Prisons;Prisons
Critical theory;Critical theory
Shovels;Shovels
Balloons;Balloons
Medieval history (middle ages);Medieval history (middle ages)
Jewelry;Jewelry
Games;Games
Law;Law
Sports and exercise psychology;Sports and exercise psychology
Thinking;Thinking
X-Rays;X-Rays
Meteorology;Meteorology
Archaeology;Archaeology
Shovels;Shovels
Infancy and early childhood;Infancy and early childhood
Parachuting;Parachuting
Classical antiquity;Classical antiquity
Boats;Boats
Abuse;Abuse
Banking;Banking
Justice;Justice
Vehicles;Vehicles
Hotels;Hotels
Blacksmiths;Blacksmiths
Calculus;Calculus
Royalty;Royalty
Robotics;Robotics
Mummies;Mummies
Pottery;Pottery
Classical studies;Classical studies
Barbers;Barbers
Big science;Big science
Hurricanes;Hurricanes
Criminals;Criminals
Horses;Horses
Neuropsychology;Neuropsychology
Mules;Mules
North Africa;North Africa
Countertransference;Countertransference
Murderers;Murderers
Coffee;Coffee
Mental health;Mental health
Feminism;Feminism
Event trauma;Event trauma
Classical studies;Classical studies
Forensic psychology;Forensic psychology
Race;Race
Circus;Circus
Masonry;Masonry
Art and entertainment;Art and entertainment
Architecture;Architecture
Earthquake;Earthquake
Bereavement (grief and loss);Bereavement (grief and loss)
Sewing Machines;Sewing Machines
Neuropsychology;Neuropsychology
Technology and cyberpsychology;Technology and cyberpsychology
Machines;Machines
Spiritual;Spiritual
Women;Women
Hockey;Hockey
Opera;Opera
Gorillas;Gorillas
Sociology;Sociology
The society;The society
Slavery;Slavery
Birds;Birds
Mathematical statistical and computing;Mathematical statistical and computing
History and philosophy of psychology;History and philosophy of psychology
Transhumanism;Transhumanism
Ethics and practice;Ethics and practice
Health psychology;Health psychology
Buffaloes;Buffaloes
Agriculture;Agriculture
Ecology;Ecology
Spiritism;Spiritism
History and philosophy of psychology;History and philosophy of psychology
Murderers;Murderers
Amusement Parks;Amusement Parks
Barbers;Barbers
Programming;Programming
Relationships;Relationships
Spiritism;Spiritism
Voice;Voice
Culture;Culture
Salt;Salt
Spiritual;Spiritual
Spirituality;Spirituality
Medieval history (middle ages);Medieval history (middle ages)
Tigers;Tigers
Muppets;Muppets
Pigeons;Pigeons
Critical theory;Critical theory
Pediatrics;Pediatrics
Murderers;Murderers
Cactus;Cactus
Teaching and learning;Teaching and learning
Functional music;Functional music
Athletics;Athletics
Robotics;Robotics
Murderers;Murderers
Cactus;Cactus
Caves;Caves
Hotels;Hotels
Cheese;Cheese
Mining;Mining
Volcanoes;Volcanoes
Spirituality;Spirituality
Addiction and substance abuse;Addiction and substance abuse
Accordions;Accordions
Motorcycles;Motorcycles
Palliative;Palliative
Cricket;Cricket
Countertransference;Countertransference
Social music therapy;Social music therapy
Wood;Wood
Horses;Horses
Baseball;Baseball
Psychology of women;Psychology of women
End of life;End of life
Chess;Chess
Stress anxiety depression;Stress anxiety depression
Water Skiing;Water Skiing
Communication;Communication
Race;Race
Bears;Bears
Sugar;Sugar
Ecology;Ecology
Diamond;Diamond
Opera;Opera
Chess;Chess
Law and crime;Law and crime
Film;Film
Camels;Camels
Spiritism;Spiritism
Africa;Africa
Water Skiing;Water Skiing
Sheep;Sheep
Engineering;Engineering
Insects;Insects
Farmers Markets;Farmers Markets
World War 1;World War 1
Bakeries;Bakeries
Psychology of women;Psychology of women
Group work;Group work
Skull;Skull
Schizophrenia and other psychoses;Schizophrenia and other psychoses
Medieval history (middle ages);Medieval history (middle ages)
Guided imagery and music;Guided imagery and music
Skull;Skull
Asia;Asia
Army;Army
Military;Military
Arithmetic;Arithmetic
Theory;Theory
Coffee;Coffee
Psychodynamic;Psychodynamic
Coffin;Coffin
Lighthouses;Lighthouses
Shovels;Shovels
Sports and exercise psychology;Sports and exercise psychology
Camels;Camels
Classical antiquity;Classical antiquity
Vaccines;Vaccines
Central America;Central America
Ferry Boats;Ferry Boats
Execution;Execution
Monkeys;Monkeys
Skating;Skating
Prisons;Prisons
Internet;Internet
Mental health;Mental health
Public affairs;Public affairs
Big science;Big science
Personality disorders;Personality disorders
Sailing;Sailing
Software engineering;Software engineering
Pineapple;Pineapple
Bereavement;Bereavement
World War 1;World War 1
Red Cross;Red Cross
Paper Boys;Paper Boys
Archaeology;Archaeology
Music therapists;Music therapists
Consciousness and experiential psychology;Consciousness and experiential psychology
Camels;Camels
Football;Football
Cemetery;Cemetery
Seesaws;Seesaws
Swings;Swings
Bananas;Bananas
Police;Police
Wrestling;Wrestling
Smoking;Smoking
Buddhism;Buddhism
Crocodiles;Crocodiles
Carpentry;Carpentry
Crime;Crime
Clowns;Clowns
Sports and exercise psychology;Sports and exercise psychology
Cards;Cards
Health science;Health science
Vegetables;Vegetables
Multicultural;Multicultural
Goats;Goats
Government and politics;Government and politics
Art and entertainment;Art and entertainment
Vanilla;Vanilla
Bohemians;Bohemians
Banking;Banking
Movie Theaters;Movie Theaters
Humanism;Humanism
Culture;Culture
Community music therapy;Community music therapy
Telephone;Telephone
Natural sciences and nature;Natural sciences and nature
Elephants;Elephants
Windmills;Windmills
Buddhism;Buddhism
Hippopotamus;Hippopotamus
Telephone;Telephone
Natural sciences and nature;Natural sciences and nature
Elephants;Elephants
Windmills;Windmills
Buddhism;Buddhism
Hippopotamus;Hippopotamus
Pipes;Pipes
Astronomy;Astronomy
Jewelry;Jewelry
Playing Cards;Playing Cards
Murderers;Murderers
Biochemistry;Biochemistry
Magicians;Magicians
Donkeys;Donkeys
Law;Law
Parachuting;Parachuting
Abuse survivors;Abuse survivors
Earth sciences;Earth sciences
Discrete mathematics;Discrete mathematics
Newspapers;Newspapers
Skull;Skull
Sports and exercise psychology;Sports and exercise psychology
Death;Death
Teaching and learning;Teaching and learning
Schizophrenia and other psychoses;Schizophrenia and other psychoses
Learning disabilities/difficulties;Learning disabilities/difficulties
Earthquake;Earthquake
Botany;Botany
Spirituality;Spirituality
Transpersonal psychology;Transpersonal psychology
Slavery;Slavery
Hobbies;Hobbies
Psychobiology;Psychobiology
Humanism;Humanism
Drugstores;Drugstores
Justice;Justice
Logic;Logic
Europe;Europe
Bullying and violence;Bullying and violence
Hurricanes;Hurricanes
Tigers;Tigers
Depression;Depression
Blacksmiths;Blacksmiths
Developmental psychology;Developmental psychology
Whales;Whales
Beekeeping;Beekeeping
Circus;Circus
Law;Law
Social music therapy;Social music therapy
Mathematical statistical and computing;Mathematical statistical and computing
Asia;Asia
Psychiatric;Psychiatric
Classical studies;Classical studies
Dance;Dance
Music;Music
Elephants;Elephants
Apes;Apes
Funerals;Funerals
Motorcycles;Motorcycles
Telephone;Telephone
Cats;Cats
Computer science;Computer science
Addiction and substance abuse;Addiction and substance abuse
Ecology;Ecology
Social care and social services;Social care and social services
Spiritual;Spiritual
Responsiveness;Responsiveness
Seesaws;Seesaws
Teaching and learning;Teaching and learning
Memory;Memory
Shipping;Shipping
Justice;Justice
Nurses;Nurses
Newspapers;Newspapers
Opera;Opera
Vehicles;Vehicles
Boats;Boats
Big science;Big science
Bananas;Bananas
Songs;Songs
Pigeons;Pigeons
Bakeries;Bakeries
Big science;Big science
Foxes;Foxes
Learning disabilities/difficulties;Learning disabilities/difficulties
Toads;Toads
Movie Theaters;Movie Theaters
Spas;Spas
Typewriter;Typewriter
Pediatrics;Pediatrics
Fishing;Fishing
Independent practitioners;Independent practitioners
Pineapple;Pineapple
Medieval history (middle ages);Medieval history (middle ages)
Africa;Africa
Transpersonal;Transpersonal
Olympic Games;Olympic Games
Radiology;Radiology
Technology and cyberpsychology;Technology and cyberpsychology
Bullying and violence;Bullying and violence
Rabbits;Rabbits
Sports and exercise psychology;Sports and exercise psychology
Cemetery;Cemetery
Whales;Whales
Weaving;Weaving
Logic;Logic
Whales;Whales
Dance;Dance
Pediatrics;Pediatrics
Vegetables;Vegetables
Mining;Mining
Clowns;Clowns
Matches;Matches
Buffaloes;Buffaloes
Society;Society
Agriculture;Agriculture
Functional music;Functional music
Fiction;Fiction
Public affairs;Public affairs
Paper Boys;Paper Boys
Artificial intelligence;Artificial intelligence
Biology;Biology
Native Americans;Native Americans
Biology;Biology
Blacksmiths;Blacksmiths
History;History
Developmental psychology;Developmental psychology
Guided imagery and music (gim);Guided imagery and music (gim)
Veterinarians;Veterinarians
Neuropsychology;Neuropsychology
Psychodynamic;Psychodynamic
Diving;Diving
Horses;Horses
Spas;Spas
Telephone;Telephone
Resources;Resources
Library and information science;Library and information science
Autism;Autism
Horses;Horses
Spas;Spas
Telephone;Telephone
Resources;Resources
Library and information science;Library and information science
Autism;Autism
Pottery;Pottery
Pilots;Pilots
Pineapple;Pineapple
Responsiveness;Responsiveness
Dolphins;Dolphins
Turtles;Turtles
Medicine;Medicine
Rhinoceros;Rhinoceros
Submarines;Submarines
Carpentry;Carpentry
Central America;Central America
Government and politics;Government and politics
Guitar;Guitar
Music psychotherapy;Music psychotherapy
Pigeons;Pigeons
Careers;Careers
Communism;Communism
Marionettes;Marionettes
Hippopotamus;Hippopotamus
Abuse;Abuse
Pineapple;Pineapple
Motherhood;Motherhood
Ostriches;Ostriches
History and philosophy of psychology;History and philosophy of psychology
Hippopotamus;Hippopotamus
Abuse;Abuse
Pineapple;Pineapple
Motherhood;Motherhood
Ostriches;Ostriches
History and philosophy of psychology;History and philosophy of psychology
Gorillas;Gorillas
Cards;Cards
Diving;Diving
Football;Football
Pork;Pork
Software engineering;Software engineering
Abuse survivors;Abuse survivors
Cotton;Cotton
Pharmacy;Pharmacy
Learning disabilities/difficulties;Learning disabilities/difficulties
Sailing;Sailing
Social psychology;Social psychology
Memory;Memory
Fortune Tellers;Fortune Tellers
Chemistry;Chemistry
Crafts;Crafts
Personality disorders;Personality disorders
Agriculture;Agriculture
Social psychology;Social psychology
Journalism;Journalism
Caves;Caves
Pediatrics;Pediatrics
Children and family;Children and family
Exercise;Exercise
Psychotherapy;Psychotherapy
Dogs;Dogs
North Africa;North Africa
Archaeology;Archaeology
Spinning;Spinning
Diving;Diving
Botany;Botany
Telephone;Telephone
Classical antiquity;Classical antiquity
Abuse survivors;Abuse survivors
Whales;Whales
Paper Boys;Paper Boys
Classical antiquity;Classical antiquity
Vehicles;Vehicles
Canoes;Canoes
Nutrition;Nutrition
Crafts;Crafts
Artists;Artists
Sugar;Sugar
Transpersonal psychology;Transpersonal psychology
Criminals;Criminals
Vehicles;Vehicles
Nordoff-robbins music therapy;Nordoff-robbins music therapy
Central America;Central America
Oil;Oil
Criminal justice;Criminal justice
Psychiatric;Psychiatric
Robotics;Robotics
Careers;Careers
Zebras;Zebras
Pork;Pork
Skating;Skating
Death;Death
Gypsies;Gypsies
Native Americans;Native Americans
Asia;Asia
Diamond;Diamond
Artificial intelligence;Artificial intelligence
Medicine;Medicine
Technology and cyberpsychology;Technology and cyberpsychology
Bats;Bats
Athletics;Athletics
Tigers;Tigers
Cactus;Cactus
Hockey;Hockey
Red Cross;Red Cross
Smoking;Smoking
Sharks;Sharks
Native Americans;Native Americans
Radio;Radio
Earth sciences;Earth sciences
Gypsies;Gypsies
Hippopotamus;Hippopotamus
Amusement Parks;Amusement Parks
Carpentry;Carpentry
Multicultural;Multicultural
Analytical music therapy;Analytical music therapy
Murderers;Murderers
Breweries;Breweries
Canoes;Canoes
Mental health;Mental health
Motorcycles;Motorcycles
Astronomy;Astronomy
Insects;Insects
Visual arts;Visual arts
Post Office;Post Office
Monkeys;Monkeys
Jewelry;Jewelry
Psychobiology;Psychobiology
Abuse;Abuse
Banana;Banana
Wrestling;Wrestling
Movie Theaters;Movie Theaters
Cheese;Cheese
Railroads;Railroads
Humanism;Humanism
Funerals;Funerals
Laundry;Laundry
Feminism;Feminism
Diamond;Diamond
Oil;Oil
Cigarettes;Cigarettes
Europe;Europe
Developmental problems;Developmental problems
Donkeys;Donkeys
Shoes;Shoes
Europe;Europe
Big science;Big science
