Scrubs and Bugs;Scrubs and Bugs
Alss Data Science;Alss Data Science
Langford Thomson;Langford Thomson
Zestbook Services;Zestbook Services
Travis McEnaney;Travis McEnaney
All My Life Data;All My Life Data
WakeUp Research;WakeUp Research
The Dataparallel;The Dataparallel
Wooey Doody;Wooey Doody
ScribeDot Solutions;ScribeDot Solutions
A FactCheck;A FactCheck
BlokeyCrazy;BlokeyCrazy
SmartAsset dot com;SmartAsset dot com
Sensational Research;Sensational Research
My Data Funding;My Data Funding
Bridges to the Net;Bridges to the Net
Smartphone Lapse;Smartphone Lapse
Koolitop;Koolitop
Adrenvish;Adrenvish
AllsourceData;AllsourceData
